title_id,game_title,platform_source,region,url,content_id,has_content_id,platform,distribution,content_type,unlock_model,unlock_group
NPJW90016,100 Man Ton no BaraBara - PS3 Wallpaper #01,Wallpaper,JP,http://poseidon.dl.playstation.net/cdn/JP9000/NPJW90016_00/FREE_CONTENT41FHd6ShpjFxc5nfus1k/1000000t%20no%20barabara%20wall%20Paper-A_HD.jpg,,NO,OTHER,PSN,WALLPAPER,NONE,
NPJW90016,100 Man Ton no BaraBara - PSP Wallpaper #01,Wallpaper,JP,http://poseidon.dl.playstation.net/cdn/JP9000/NPJW90016_00/FREE_CONTENTHXR70h5QkYMQw0iA2T9j/1000000t%20no%20barabara%20wall%20Paper-A_PSP.jpg,,NO,OTHER,PSN,WALLPAPER,NONE,
NPUB90267,Assassin's Creed II - Wallpaper,Wallpaper,US,http://poseidon.dl.playstation.net/cdn/UP0001/NPUB90267_00/FREE_CONTENT0e2J81yOw4GQPvuYENsn/AssassinsCreed2_Wallpaper-HD.jpg,,NO,OTHER,PSN,WALLPAPER,NONE,
NPUB90256,Battlefield 1943 - Wallpaper # 01,Wallpaper,US,http://poseidon.dl.playstation.net/cdn/UP0006/NPUB90256_00/FREE_CONTENTJSVErKjUYOT9kyrAAhiI/Battlefield1943_Wallpaper1-HD.jpg,,NO,OTHER,PSN,WALLPAPER,NONE,
NPUB90256,Battlefield 1943 - Wallpaper # 02,Wallpaper,US,http://poseidon.dl.playstation.net/cdn/UP0006/NPUB90256_00/FREE_CONTENT5vi6HoClSfM35jGqSYLB/Battlefield1943_Wallpaper2-HD.jpg,,NO,OTHER,PSN,WALLPAPER,NONE,
NPEP50025,Command and Conquer Red Alert 3 - Wallpaper # 1,Wallpaper,EU,http://poseidon.dl.playstation.net/cdn/EP0006/NPEP50025_00/FREE_CONTENTGPt8XbXM4qwdqQqpDBqN/Red_Alert_3_Allied_Cryocopter_HD.jpg,,NO,OTHER,PSN,WALLPAPER,NONE,
NPEP50025,Command and Conquer Red Alert 3 - Wallpaper # 2,Wallpaper,EU,http://poseidon.dl.playstation.net/cdn/EP0006/NPEP50025_00/FREE_CONTENTSIjRhyXc9B8gT6PaVJE9/Red_Alert_3_Soviet_Apocalypse_Tank_HD.jpg,,NO,OTHER,PSN,WALLPAPER,NONE,
NPEP50025,Command and Conquer Red Alert 3 - Wallpaper # 3,Wallpaper,EU,http://poseidon.dl.playstation.net/cdn/EP0006/NPEP50025_00/FREE_CONTENTXJ7J9Wus80Dic0hWdQRH/Red_Alert_3_Empire_Tsunami_Tank_HD.jpg,,NO,OTHER,PSN,WALLPAPER,NONE,
NPEO50012,Crash Commando - Wallpaper # 1,Wallpaper,EU,http://poseidon.dl.playstation.net/cdn/EP9000/NPEO50012_00/FREE_CONTENTHmAIYpY9BljYtCQM9nMG/Crash_Commando_War_HD.jpg,,NO,OTHER,PSN,WALLPAPER,NONE,
NPEO50012,Crash Commando - Wallpaper # 2,Wallpaper,EU,http://poseidon.dl.playstation.net/cdn/EP9000/NPEO50012_00/FREE_CONTENTCARJdeSHvGQYuo059HDI/Crash_Commando_Battle_HD.jpg,,NO,OTHER,PSN,WALLPAPER,NONE,
NPUA80139,Fat Princess Wallpaper 1 HD,Wallpaper,US,http://poseidon.dl.playstation.net/cdn/UP9000/NPUA80139_00/FREE_CONTENT67xEQ5Mp77VFMvtI5QXK/FatPrincess_Wallpaper1-HD.jpg,,NO,OTHER,PSN,WALLPAPER,NONE,
NPUH90050,Fate/unlimited Codes - Wallpaper # 1,Wallpaper,US,http://poseidon.dl.playstation.net/cdn/UP0102/NPUH90050_00/FREE_CONTENTij9NQdP5xMxGUBdFu44Q/FateUnlimitedCodes_WallPaper01-HD.jpg,,NO,OTHER,PSN,WALLPAPER,NONE,
NPUB90216,Final Fantasy XIII - Wallpaper # 01,Wallpaper,US,http://poseidon.dl.playstation.net/cdn/UP0082/NPUB90216_00/FREE_CONTENTOD8KpN7nYANlAyH2FlL0/FinalFantasyXIII_PS3Wallpaper_HD.jpg,,NO,OTHER,PSN,WALLPAPER,NONE,
NPUA80083,Flower Wallapaper 1 (720HD),Wallpaper,US,http://poseidon.dl.playstation.net/cdn/UP9000/NPUA80083_00/FREE_CONTENTd7r1Fw3GadIUSwjmG8Il/Flower_Wallapaper1-720HD.jpg,,NO,OTHER,PSN,WALLPAPER,NONE,
NPUL00194,Gamer - Wallpaper # 01,Wallpaper,US,http://poseidon.dl.playstation.net/cdn/US0009/NPUL00194_00/FREE_CONTENTTNRRPjw80yfAMkFbVFSa/Gamer_Wallpaper1-HD.jpg,,NO,OTHER,PSN,WALLPAPER,NONE,
NPUL00194,Gamer - Wallpaper # 02,Wallpaper,US,http://poseidon.dl.playstation.net/cdn/US0009/NPUL00194_00/FREE_CONTENTibMXoVn1KyUL8LFWeYIw/Gamer_Wallpaper2-HD.jpg,,NO,OTHER,PSN,WALLPAPER,NONE,
NPUL00194,Gamer - Wallpaper # 03,Wallpaper,US,http://poseidon.dl.playstation.net/cdn/US0009/NPUL00194_00/FREE_CONTENT4HOCEbbTDA8UCtT9DL0R/Gamer_Wallpaper3-HD.jpg,,NO,OTHER,PSN,WALLPAPER,NONE,
BCUS98111,God Of War III - Wallpaper # 01,Wallpaper,US,http://poseidon.dl.playstation.net/cdn/UP9000/BCUS98111_00/FREE_CONTENTiFkqPh2CCmT6USO7SA4N/GodofWar3_StandeeWallpaper-HD.jpg,,NO,OTHER,PSN,WALLPAPER,NONE,
BCUS98111,God Of War III - Wallpaper # 02,Wallpaper,US,http://poseidon.dl.playstation.net/cdn/UP9000/BCUS98111_00/FREE_CONTENTMT5tJEM5YaSTRY3ciB16/GodofWar3_FireTitanWallPaper-HD.jpg,,NO,OTHER,PSN,WALLPAPER,NONE,
BCUS98111,God Of War III - Wallpaper # 03,Wallpaper,US,http://poseidon.dl.playstation.net/cdn/UP9000/BCUS98111_00/FREE_CONTENTNPQDvLkoHJojMlJ7UNDm/GodofWar3_CyclopsWallpaper-HD.jpg,,NO,OTHER,PSN,WALLPAPER,NONE,
NPJY90012,Katekyoo Hitman Reborn! Battle Arena 2 Spirit Burst - PSP XMB Wallpaper # 01,Wallpaper,JP,http://poseidon.dl.playstation.net/cdn/JP0507/NPJY90012_00/FREE_CONTENT0BK20PoOY7xijL8LrcDO/reborn2wallpaper_vol.1.png,,NO,OTHER,PSN,WALLPAPER,NONE,
NPHP00039,Last Rebellion - Wallpaper #01,Wallpaper,HK,http://poseidon.dl.playstation.net/cdn/HP0404/NPHP00039_00/FREE_CONTENThOwuB81H0XPkorsWA9Bg/lastrebellion_JeongJuno_wallpaper.jpg,,NO,OTHER,PSN,WALLPAPER,NONE,
NPHP00039,Last Rebellion - Wallpaper #02,Wallpaper,HK,http://poseidon.dl.playstation.net/cdn/HP0404/NPHP00039_00/FREE_CONTENT53GXPnQ4j0WxBbEJcABo/lastrebellion_KimHyung-tae_wallpaper.jpg,,NO,OTHER,PSN,WALLPAPER,NONE,
NPHP00039,Last Rebellion - Wallpaper #03,Wallpaper,HK,http://poseidon.dl.playstation.net/cdn/HP0404/NPHP00039_00/FREE_CONTENTElf6ipQR9DWfssMgKwfY/lastrebellion_KKUEM_wallpaper.jpg,,NO,OTHER,PSN,WALLPAPER,NONE,
NPHP00039,Last Rebellion - Wallpaper #04,Wallpaper,HK,http://poseidon.dl.playstation.net/cdn/HP0404/NPHP00039_00/FREE_CONTENTpqD824AV7wDIhpB7IDmC/lastrebellion_KanedaEiji_wallpaper.jpg,,NO,OTHER,PSN,WALLPAPER,NONE,
NPHP00039,Last Rebellion - Wallpaper #05,Wallpaper,HK,http://poseidon.dl.playstation.net/cdn/HP0404/NPHP00039_00/FREE_CONTENTWJwjM0ilRYKxvtn2GA6M/lastrebellion_SuemiJyun_wallpaper.jpg,,NO,OTHER,PSN,WALLPAPER,NONE,
NPUL00185,NASCAR/Sprint Cup Series Monsters Wallpaper 1 HD,Wallpaper,US,http://poseidon.dl.playstation.net/cdn/US0015/NPUL00185_00/FREE_CONTENTbOksCARskGjTsRuYrtQu/Sprint_Wallpaper_HD-01.jpg,,NO,OTHER,PSN,WALLPAPER,NONE,
NPUL00185,NASCAR/Sprint Cup Series Monsters Wallpaper 2 HD,Wallpaper,US,http://poseidon.dl.playstation.net/cdn/US0015/NPUL00185_00/FREE_CONTENTwqFI7RCODIW2vnm025GW/Sprint_Wallpaper_HD-02.jpg,,NO,OTHER,PSN,WALLPAPER,NONE,
NPUL00185,NASCAR/Sprint Cup Series Monsters Wallpaper 3 HD,Wallpaper,US,http://poseidon.dl.playstation.net/cdn/US0015/NPUL00185_00/FREE_CONTENTglsvKbn4l7rKHx6mDeFB/Sprint_Wallpaper_HD-03.jpg,,NO,OTHER,PSN,WALLPAPER,NONE,
NPUL00185,NASCAR/Sprint Cup Series Monsters Wallpaper 4 HD,Wallpaper,US,http://poseidon.dl.playstation.net/cdn/US0015/NPUL00185_00/FREE_CONTENTvlE1lQf9dqoAXXtU4Qw4/Sprint_Wallpaper_HD-04.jpg,,NO,OTHER,PSN,WALLPAPER,NONE,
NPUL00185,NASCAR/Sprint Cup Series Monsters Wallpaper 5 HD,Wallpaper,US,http://poseidon.dl.playstation.net/cdn/US0015/NPUL00185_00/FREE_CONTENT3w9J5QlpkwJ7cgfTspQR/Sprint_Wallpaper_HD-05.jpg,,NO,OTHER,PSN,WALLPAPER,NONE,
NPUL00185,NASCAR/Sprint Cup Series Monsters Wallpaper 6 HD,Wallpaper,US,http://poseidon.dl.playstation.net/cdn/US0015/NPUL00185_00/FREE_CONTENTVAgA5lqjIrm07DXn3Bqg/Sprint_Wallpaper_HD-06.jpg,,NO,OTHER,PSN,WALLPAPER,NONE,
NPUL00185,NASCAR/Sprint Cup Series Monsters Wallpaper 7 HD,Wallpaper,US,http://poseidon.dl.playstation.net/cdn/US0015/NPUL00185_00/FREE_CONTENTjcYENyTWIlIev5oy6wow/Sprint_Wallpaper_HD-07.jpg,,NO,OTHER,PSN,WALLPAPER,NONE,
NPUA80160,PixelJunk Eden Encore - Wallpaper A HD,Wallpaper,US,http://poseidon.dl.playstation.net/cdn/UP9000/NPUA80160_00/FREE_CONTENTChMisHoT4Oh7S4eg1Apo/PJE_Encore_Wallpaper_A_HD.jpg,,NO,OTHER,PSN,WALLPAPER,NONE,
NPEO50024,PixelJunk Shooter - Wallpaper #01,Wallpaper,EU,http://poseidon.dl.playstation.net/cdn/EP9000/NPEO50024_00/FREE_CONTENTDfVwT4hjSVoQGsK1N9oU/PixelJunk_Shooter_WallpaperA_HD.jpg,,NO,OTHER,PSN,WALLPAPER,NONE,
NPUA80217,Rag Doll Kung Fu - Master Wallpaper HD,Wallpaper,US,http://poseidon.dl.playstation.net/cdn/UP9000/NPUA80217_00/FREE_CONTENTPRTO97yNlvpFbUWPx5Be/RagDollKungFu_Master_Wallpaper-HD.jpg,,NO,OTHER,PSN,WALLPAPER,NONE,
NPEO50015,Rag Doll Kung Fu - Wallpaper # 1,Wallpaper,EU,http://poseidon.dl.playstation.net/cdn/EP9000/NPEO50015_00/FREE_CONTENT5lyJvVvw67mu66oYbD3X/Rag_Doll_Kung_Fu_Hip_HD.jpg,,NO,OTHER,PSN,WALLPAPER,NONE,
NPUB90229,Sonic's Ultimate Game Collection - Wallpaper HD,Wallpaper,US,http://poseidon.dl.playstation.net/cdn/UP0177/NPUB90229_00/FREE_CONTENThTxF7fJq9K8fsthqkYJU/SonicUltimate_Wallpaper-HD.jpg,,NO,OTHER,PSN,WALLPAPER,NONE,
NPEP50032,The Punisher: No Mercy - Wallpapers # 01,Wallpaper,EU,http://poseidon.dl.playstation.net/cdn/EP4042/NPEP50032_00/FREE_CONTENT1E1LkS1pfxcUCIPB2PEC/The%20Punisher%20No%20Mercy%20Wallpaper%201%20HD.jpg,,NO,OTHER,PSN,WALLPAPER,NONE,
NPEP50032,The Punisher: No Mercy - Wallpapers # 02,Wallpaper,EU,http://poseidon.dl.playstation.net/cdn/EP4042/NPEP50032_00/FREE_CONTENToufjpXtimYSoYijmVsxR/The%20Punisher%20No%20Mercy%20Wallpaper%202%20HD.jpg,,NO,OTHER,PSN,WALLPAPER,NONE,
NPEP50029,Topatoi - Wallpaper # 1,Wallpaper,EU,http://poseidon.dl.playstation.net/cdn/EP4009/NPEP50029_00/FREE_CONTENTd3jX78ONA54gYuYCOq2L/topatoi%20Wallpaper%201%20HD.jpg,,NO,OTHER,PSN,WALLPAPER,NONE,
NPEP50029,Topatoi - Wallpaper # 2,Wallpaper,EU,http://poseidon.dl.playstation.net/cdn/EP4009/NPEP50029_00/FREE_CONTENT0SikbctEAyCatAIqAmU0/topatoi%20Wallpaper%202%20HD.jpg,,NO,OTHER,PSN,WALLPAPER,NONE,
NPEP50029,Topatoi - Wallpaper # 3,Wallpaper,EU,http://poseidon.dl.playstation.net/cdn/EP4009/NPEP50029_00/FREE_CONTENT360fvUOefPaae6QQNfnv/topatoi%20Wallpaper%203%20HD.jpg,,NO,OTHER,PSN,WALLPAPER,NONE,
BCUS98233,Uncharted Drakes Deception Announcement Wallpaper HD,Wallpaper,US,http://poseidon.dl.playstation.net/cdn/UP9000/BCUS98233_00/FREE_CONTENTGzhuHgrFCkes8C1HArXw/Uncharted3DrakesDeception_AnnouncementWallpaper-HD.jpg,,NO,OTHER,PSN,WALLPAPER,NONE,
NPUL00192,US Army Wallpaper # 01,Wallpaper,US,http://poseidon.dl.playstation.net/cdn/US0016/NPUL00192_00/FREE_CONTENTCKssma6RwWtO9PXrFjrS/ArmyTheme_Wallpaper1-HD.jpg,,NO,OTHER,PSN,WALLPAPER,NONE,
NPUL00192,US Army Wallpaper # 02,Wallpaper,US,http://poseidon.dl.playstation.net/cdn/US0016/NPUL00192_00/FREE_CONTENTSILmVJGD8drmc7Lax1YX/ArmyTheme_Wallpaper2-HD.jpg,,NO,OTHER,PSN,WALLPAPER,NONE,
NPUL00192,US Army Wallpaper # 03,Wallpaper,US,http://poseidon.dl.playstation.net/cdn/US0016/NPUL00192_00/FREE_CONTENTtAyy2ia58IbKO8wyunRu/ArmyTheme_Wallpaper3-HD.jpg,,NO,OTHER,PSN,WALLPAPER,NONE,
NPUL00192,US Army Wallpaper # 04,Wallpaper,US,http://poseidon.dl.playstation.net/cdn/US0016/NPUL00192_00/FREE_CONTENTTl4MSFaAIxCbXjna9He7/ArmyTheme_Wallpaper4-HD.jpg,,NO,OTHER,PSN,WALLPAPER,NONE,
NPJY90007,Yuusha 30 - Princess 30 Wallpaper 1 PSP,Wallpaper,JP,http://poseidon.dl.playstation.net/cdn/JP0507/NPJY90007_00/FREE_CONTENTOhqnBch4plvLLq33cHQQ/YUSHA%20SANJU%20Wall%20Paper04.png,,NO,OTHER,PSN,WALLPAPER,NONE,
NPJY90007,Yuusha 30 - Princess 30 Wallpaper 2 PSP,Wallpaper,JP,http://poseidon.dl.playstation.net/cdn/JP0507/NPJY90007_00/FREE_CONTENT1QyawaNnc1wgnv6B5J1w/YUSHA%20SANJU%20Wall%20Paper05.png,,NO,OTHER,PSN,WALLPAPER,NONE,
NPJY90007,Yuusha 30 - Princess 30 Wallpaper 3 PSP,Wallpaper,JP,http://poseidon.dl.playstation.net/cdn/JP0507/NPJY90007_00/FREE_CONTENTHPMfSv1JolqsRvxGaFo5/YUSHA%20SANJU%20Wall%20Paper06.png,,NO,OTHER,PSN,WALLPAPER,NONE,
NPEP50033,Zen Pinball - Wallpapers # 1,Wallpaper,EU,http://poseidon.dl.playstation.net/cdn/EP4042/NPEP50033_00/FREE_CONTENTLXtUNw7WLN5SiWCN5Ntu/Zen%20Pinball%20Wallpaper%202%20HD.jpg,,NO,OTHER,PSN,WALLPAPER,NONE,
NPEP50033,Zen Pinball - Wallpapers # 2,Wallpaper,EU,http://poseidon.dl.playstation.net/cdn/EP4042/NPEP50033_00/FREE_CONTENTHQTUQUU7vVePTo7GiEdT/Zen%20Pinball%20Wallpaper%201%20HD.jpg,,NO,OTHER,PSN,WALLPAPER,NONE,
