Ape Escape (Saru! Get You!),http://zeus.dl.playstation.net/cdn/JP9000/NPJI00032_00/yDEZVKNgPCaRafOSWZOlrSkzhSDJzwveLKpePEolWcZzEceAuFIEeTqGTbtxKsOJCVjcCbXZQECOaNsExfoTYKjkRRArXBidsltMp.pkg
Ore no Ryouri - My Cooking,http://zeus.dl.playstation.net/cdn/JP9000/NPJI00031_00/zPHRJzKZLRaAlprRQWXYlIxSNPsyUPnbQKoKNXxwuOAEeQVVYLakavFGgxwkdQXcPkqVJuCSzEIQaixjVNbxxcuMNMbAepYRwNYuu.pkg
Simple 1500 Series Vol. 98: The Futsal,http://zeus.dl.playstation.net/cdn/JP0367/NPJJ00424_00/OqpKAPSejdkaRscFURRTScWDCAfRGgZpCJLQRwTdOiDEWfEXBUToVThRamqFRFkIqpuvUFjzNftViSxJKIebJTFmgQWtxughslmFU.pkg
Simple 1500 Series Vol. 98: The Futsal,http://zeus.dl.playstation.net/cdn/JP0367/NPJJ00424_00/QXVYPJfrvlxalfNbHDGzyiFHIOBdfegDaZxBWjgciCpBVUzaRpNrNhQlMDMGTwJVloBGcmWadcGrueJYhtjzOPhebsmfCZAQtnVKs.pkg
Alone in the Dark: The New Nightmare,http://zeus.dl.playstation.net/cdn/UP9000/NPUJ01201_00/gbGosIRCsdPzXwLslkBeQJNspoLtCLagDKmEfuGyAZEridaFBaTonBhvIDAqWjAbYUvqVoAQfpRFPXOGwrrwFvFeEHrIBzNcClxGN.pkg
Motor Toon Grand Prix,http://zeus.dl.playstation.net/cdn/UP9000/NPUI94355_00/WDlQG2tX4Yhx72tlq365kGPAHjH6rmcFe442PmdQpvQmvTpjCai99KCdnh91NC13PmDpoV6xy87xjSVQTE58sdkfbWG1D3XsYRlvR.pkg
Pocket Fighter,http://zeus.dl.playstation.net/cdn/UP9000/NPUJ00653_00/gSqPhXcnjRUfWvdTFUHEeDeqBWwRbpscsffbMGwgzdXFrAJxLZtGlwBoAZylSxSdmIHWwhgHavnZlotiHNFmjMGlKUqqHrmTuOcyt.pkg
Delta Force: Urban Warfare,http://zeus.dl.playstation.net/cdn/UP9000/NPUJ01429_00/B7byBeNH9CpthOae3vpUDYlX4DpphUvJdot5IdgG6M7cMMOWnxEwOrlg1WRq2LEUXgmuyH8msO8XNTnQCQhFwSE1mHlrfTcch8WcS.pkg
Cool Boarders (PS3),http://zeus.dl.playstation.net/cdn/UP9000/NPUI94356_00/KiD2dKSRRyCwV4J0OMbAEdH1Ua28El4JWOTcVyvv7YoSe41oUvXuyOOOFWhsEVBJHNPgYIidH9YjWAh8utyxdj32vAHonP66yDqC6.pkg
Crash Bandicoot (PS3),http://zeus.dl.playstation.net/cdn/UP9000/NPUI94900_00/sbWE9gwk7yGqN9IxohaKm8vuXa5AYcs6WE5jfXwdS5i5gdpg5jMoQmqFX2K8yP7wdkygy7PR8tN4L3hIoIvOalK62AUTeFFCPBTdC.pkg
MediEvil (PS3),http://zeus.dl.playstation.net/cdn/UP9000/NPUI94227_00/Psidl1HsWitDCPT3RLYJUyrwhMEru2DvrDnsPUqcwXOb7tiv7UhV9jEDBMYVo7dI3waAYfxRBsxHgwb8hMxpECbgnEayo83caxgGu.pkg
Rally Cross (PS3),http://zeus.dl.playstation.net/cdn/UP9000/NPUI94308_00/Rj8x4wYyHrTlOm7XsYbYB75aR5IeixwICm0gjwyYVllVuJYkFSuDoWRAevxiVuoDGwhGTc63E0dsXKHbQpIIvggyrSSQ6NfAe1q8G.pkg
Syphon Filter (PS3),http://zeus.dl.playstation.net/cdn/UP9000/NPUI94240_00/bL2s7Ub29lLYb8Q8dhXPrTUSmy7SXCmQOvJqWSXpIVmK5fneGAdXa61IntSG6mEWPdtk0XOBXTWteepcAegx6SW6M73hHGdDCR9qK.pkg
Tekken 2 (PS3),http://zeus.dl.playstation.net/cdn/UP0700/NPUJ00213_00/shcvucNWxPtMPH2aav1HBwkTDGPrhK5J65YuTeB0NsNeXDKilDIbEi1xN6JXcbYFrb30Ik0y6MKTDMoPi0VRdqjNWNSiNNVsAb5E2.pkg
"Tekken 2 (Canada PS3?, beta?)",http://zeus.dl.playstation.net/cdn/UP0700/NPUJ00213_00/WwjTOaXuOH88V5IsKvbcqj3KvpQUPgxusgEBfT5U2xssSncBgehKlvSi64HLwt4lODw0DSSQjsa6aHGOugra1O2a5P5kP09EQlsda.pkg
WipEout (PS3),http://zeus.dl.playstation.net/cdn/UP9000/NPUI94301_00/pH5ig1n5FmuedDu5msAM8RHVXPROTx6TBC8hL5XLShnnI3G4tqcVlCGRMU4nKDmb4pDRr3JQ6ucnlGlrx59xFO1X2PLYcsq6cPCFo.pkg
My Hot Cooking,http://zeus.dl.playstation.net/cdn/HP9000/NPHI00021_00/PLCNHBaEqt7BSubRJA2nTIaAR9C1GJR8IHdpQqGS4TTe5aHnGvl25UMtPHmhJhxwK6nC1OwNa3ixjDUQ1YUf5olk7p59v4a6SsPjq.pkg
Nightmare Creatures (PS3),http://zeus.dl.playstation.net/cdn/JP9000/NPJI00071_00/OFFliuDviYcvwUNXrGDUkkWXWnxnZXBqXeGpfqzlokJQLwcLcALyboSHYCRQPsmrbyLyOBvxWPyIbkPOVjbfcEZsfJeXGZogfAGaG.pkg
Zera-Chan Puzzle: Pitatto Pair (PS3),http://zeus.dl.playstation.net/cdn/JP0747/NPJJ00781_00/JP0747-NPJJ00781_00-0000000000000001_bg_1_d77b67bcc70a7257540b3f72fa3bdaaf2b5a56e9.pkg