A Fighter PSP Theme 3,http://zeus.dl.playstation.net/cdn/UT0002/NPUX00002_00/XsxsFFRCeAPhYJBdtuVauevPjCFkqBtKovBexVMOUCyDGPTKAmhHAcGZUMuhZRfWKrhHWtQXQxBzIhkRwwuZkekSngZcydfPfHLIc.pkg
Acid Trip,http://zeus.dl.playstation.net/cdn/UT0001/NPUX00001_00/AJ8KTR5Q1E1MSw22FgMeRLYvHacdrnOXJ1d7VuFAQJDSdvr1w90QI6tjpBOBX8kaCgoQrHsAKJvI7XmWPLusEmfPxvXijK7GOVyOJ.pkg
Beach Sampler,http://zeus.dl.playstation.net/cdn/UT0001/NPUX00001_00/Q0XCkcKHqp6UkGUfAXcNinn4bDqIKVbiL79GMmOkm0XNRnOTDrFoLP7esON8CWacK3SbH8RWhGGcaQbe4sOSloq4GP6H6Ktw53QBQ.pkg
Bikini Fashion Show,http://zeus.dl.playstation.net/cdn/UT0001/NPUX00001_00/FvgTdpN897SGhD9x40BmSI7FAuL5doKgs88Xd3BLL1ADurJTLKwtVAffhiarIknFUthbTSA3kgWVKNMVeveAnKpHvGlPTWx6t0hAH.pkg
Comic Hero PSP Theme 2,http://zeus.dl.playstation.net/cdn/UT0002/NPUX00002_00/gKCGqwpycUDWHOpxkofDyicwVtEbiCGxOxTtocYXOhElIuJvOkHocKRzKmQqwvckkIOKTvPGfDTeXrcDTSjuDFDARVsHRYbbttlBU.pkg
FIFA 11,http://zeus.dl.playstation.net/cdn/EP0006/NPEW00073_00/hx75HD2HuJOoF9ViprOGtoN9iOIY8wLkENmJ5EOFu37O5feCUhuqY4hI6lgQxdfL.pkg
Fighter PSP Theme,http://zeus.dl.playstation.net/cdn/UT0002/NPUX00002_00/XcteQbDcMLLCQFOOhLrbHIJaDaSpLYleTlQJzjeoGFvyEFjLejkClbSpuLnvXWxuHTqotohusDfmQoOPuoTRmVowvFotWfbTbcQtb.pkg
Halloween Vampires Theme 1,http://zeus.dl.playstation.net/cdn/UT0002/NPUX00002_00/huO5E8QXjJnNxLBxucWvbnmKnLKPT3yrOy9ABcnG1bKvA6nLTeL4HsxHKKEXFGA6uCesfmbbsU1byCvIFtoaO0LpXAyxgfK4rvwwx.pkg
LittleBigPlanet,http://zeus.dl.playstation.net/cdn/EP9000/NPEW00047_00/kcULKAySMXEN6y89Qk5cqiS2KpsSObmynXaUwT2pRwThMfjXMfUhhDeaJAbLbEmWEIrbKqgffx2dxsnrAGKpAjG6V5MhSttVXbTuE.pkg
Modnation Racers Theme 1,http://zeus.dl.playstation.net/cdn/UP9000/UCUS98741_00/XsEuxKDj24JfBBrCWwVS2uOG4NGALHyXVuymgXkSIiguDWveE9QFymYEKkD35FE8X4HQWRy5Vtx68RR3Mn4qE5H3itxgLSJB8r8r5.pkg
Modnation Racers Theme 2,http://zeus.dl.playstation.net/cdn/UP9000/UCUS98741_00/h864EXBhEVibGjsUTuU7ABTuFva6aDpN1HmACpujM3m5FhjgM36rhb236BiPm9oUEk4CQXjiPoBVq2LM9HP33sSequwIt2b26bscS.pkg
Summer Down Under,http://zeus.dl.playstation.net/cdn/UT0001/NPUX00001_00/UM07b51eng6KC6Kq44b9DcDdU8hvI8VOWmeuonHg3RVLAW1o7wmOxtTXI4GtHYDuIT3EdiErdNJoQa0P0EKJ9rnjXDc5A7psUQyMm.pkg
Super Dangan-Ronpa 2: Peko Pekoyana,http://zeus.dl.playstation.net/cdn/JP0365/NPJH50631_00/YLpwYcinWBxoQbgPxqqdoqwEyXVGrnwefJBsSjejAbxHXikNdQhkUkEhhpAXMZtEcUuOyzsSyNsKhxlKQkZkKzHRSwyynFObSMPdX.pkg
Sword Art Online: Infinity Moment,http://zeus.dl.playstation.net/cdn/JP0700/NPJH50701_00/aSocotatHLooOBrybyVxwElpZqALNglbllFHvkFFAOCmQIRNIRInlYSAVyuRPoVmzRsvYUCqTtEdEAfFUPfWZTnCmPXjyQTUgwrPw.pkg
Sword Art Online: Infinity Moment,http://zeus.dl.playstation.net/cdn/JP0700/NPJH50701_00/LFFsyPGsufAzGTSIIWDpszDBQhgCTDUITcvVTQzJPbTAfpDnPIndDTmdPuahzpaXJvLqxkDSfsfxPAwVpWnuVAxOvsCAicUsUxRKS.pkg
Sword Art Online: Infinity Moment,http://zeus.dl.playstation.net/cdn/JP0700/NPJH50701_00/LLIkJQMGUhBfYnBHkWsMeCvTbOuHpjtfGradayKpNkfRxtkXqvhbVnPfiWNRTDxkkrJUfnYNGOvHvoHuJFEZjsoLqrYuOJXFXusTB.pkg
Sword Art Online: Infinity Moment,http://zeus.dl.playstation.net/cdn/JP0700/NPJH50701_00/ApGZXEsGwXkzQXuzvfLfSlpocNshRKrXVmvRsqUwOBcRRAcVHToeLhjIKGbRUNRFExXXaszBbtnDnCKclRuvBBpOFjYXCNmulDZzs.pkg
Sword Art Online: Infinity Moment,http://zeus.dl.playstation.net/cdn/JP0700/NPJH50701_00/xXSFsBQHFLAUDPPbZvNKyUTbcHBDDhiLgRvTqjVzavzCshWFBacKnVXwZawXZYCKkDmYuEyzbSyiYJIrVOkklEWTPQKhuUMRyKauu.pkg
Sword Art Online: Infinity Moment,http://zeus.dl.playstation.net/cdn/JP0700/NPJH50701_00/zVxNNHimXezJTjjHHYLXLwyBBCLGxRjinwfieCJzzUwNKQEuALQCupEdQnaiVgmtueBZFyNXsMSfnFeDkzOUlkmYfsSazhyCtURaJ.pkg
Sword Art Online: Infinity Moment,http://zeus.dl.playstation.net/cdn/JP0700/NPJH50701_00/FmqpdUylmtDtmhXiBkWHIMcEaZzAvWPbsUuzsgMtcBPsVgiecmoNzvhCmIAOrTuBVrJGFUIxcLmNRZTEtwzOaxwvBNMsevkrAjzTb.pkg
Sword Art Online: Infinity Moment,http://zeus.dl.playstation.net/cdn/JP0700/NPJH50701_00/ZhKrkSdOyKYXxJEnQOLnvzxtbybKdpnHyZJAJuBVAEzVndobVSnoGUJRCMmbcQAyGSljCltocfqxnmaDNeIsFhxCKMsAkyJUuklAH.pkg
Sword Art Online: Infinity Moment,http://zeus.dl.playstation.net/cdn/JP0700/NPJH50701_00/zwDNxTwSEPtsfduHkFpYlUEJjjNIEumFdxKleUcRRjtVjoRIXsKXADJNPBfSULrrGhsQkkyyVRMWowsepaQUwtLUewrbJrsRQTWzt.pkg
Sword Art Online: Infinity Moment,http://zeus.dl.playstation.net/cdn/JP0700/NPJH50701_00/wnhkNOyzFlRrPPAexiwQFGDlSxmIUNAOmDwIiIGuyCNBFyUNTyZyGRpkieaDNotRkMlYWPNcnNUCeZciENldcdINcBQCWPRFFgNBW.pkg
Tokyo Shrine,http://zeus.dl.playstation.net/cdn/UT0005/NPUY00006_00/XJdrQTZFiWpLTIzHpRuuQZBJfVivDhHWRlRwVlXzLeMeBvOMMtgcRayfvIvMHkTkqfyIBssAfLlXqetqSjZuPguDDdXrhFdTAQMFu.pkg
Tsuyo Kiss 3 Gakki Portable,http://zeus.dl.playstation.net/cdn/JP0407/NPJH50591_00/xGItzMRTPhtokuaIyJbLxOhbtHbUsLCdGWYyxtuLglXcUkrjokvjScLsjtWNjBNkCDxJIUzRqOBaUKfjNsxacWIygzdgBXLLfqMcB.pkg
Wendy PSP Theme 4,http://zeus.dl.playstation.net/cdn/UT0002/NPUX00002_00/apXDgrmQnnVdwlqMSoUwBItOXvzOJSfuzcslSJilfKKLLXttFVsRVmwbgejAnbMevmSEAABKebPnFusbMgjZRIVeloJzzLPIkgshN.pkg