title_id,game_title,platform_source,region,update,url,content_id,platform,distribution,content_type
BCAS20279,Lightning Returns: Final Fantasy XIII,COLLECTION,AS,,http://zeus.dl.playstation.net/cdn/HP0082/BCAS20279_00/HtlUGUImNLTEPEeBkOXTrIEQcClgpWDbatrxZyTtDhQSxgLLGwMuBTzJXMNYMKLCOgJZJsfgTVcoYFOCRwLdZlMWJolhiuCCLFOTb.pkg,HP0082-BCAS20279_00-LRFF13PS3THEME02,PS3,PSN,THEME
BCES00509,Uncharted 2: Among Thieves,COLLECTION,EU,,http://zeus.dl.playstation.net/cdn/EP9000/BCES00509_00/yGGIuUcfq8jhSsgPfdtGgUj2x5865Vyk5EJpJM0qX20spCbMwqy2gPSY2urNdwcjyURenDh1F89lBdImGrMOPTjYjxM95kT48QmpG.pkg,EP9000-BCES00509_00-UNCHARTED2THE001,PS3,PSN,THEME
BCJB95006,Torne,COLLECTION,JP,,http://zeus.dl.playstation.net/cdn/IP9100/BCJB95006_00/HqTfnHLjbdVnzvnknskRBexaNekxFYFQgXabzcikJHFYbeXvplWYXpVloVjwdmUUXIKvxPWxQhkDiLLXDYTxZuczgxHYKMTALRaCh.pkg,IP9100-BCJB95006_00-SCEPS3THEME01000,PS3,PSN,THEME
BCUS98106,Twisted Metal,COLLECTION,US,,http://zeus.dl.playstation.net/cdn/UP9000/BCUS98106_00/dLRjwjsfYtSknSspTPbjgKWVnyzCTHoHJberDqOCFBDHRuepOPkesxratXzTkVwmtuLlyfnUbrxdRBaimJYOMzPdKeFZxWvTXOocs.pkg,UP9000-BCUS98106_00-TWISTEDMETALTHEM,PS3,PSN,THEME
BCUS98110,MAG,COLLECTION,US,,http://zeus.dl.playstation.net/cdn/UP9000/BCUS98110_00/0POgYE13FkqBLa2EuWPvXjvGnfVc2Kd2RNH2uYHkvcItn71HvLg0jMcaIA5JRL2T14X30iWIK2KM7pBwkQg8yGJKUh87x63EBqiwC.pkg,UP9000-BCUS98110_00-MAGDTRAVENEN0001,PS3,PSN,THEME
BCUS98110,MAG,COLLECTION,US,,http://zeus.dl.playstation.net/cdn/UP9000/BCUS98110_00/Q10rqqNJLLet2vnSJwTI5cJuL6yDnw59VOxcIvr0rex7neVSN3jRlBNGHnIp27kHxlfvycgIaYEMaCEAAYd8Mv0KyHGqjjNMtWI0i.pkg,UP9000-BCUS98110_00-MAGDTRAVENNT0001,PS3,PSN,THEME
BCUS98110,MAG,COLLECTION,US,,http://zeus.dl.playstation.net/cdn/UP9000/BCUS98110_00/QrL4kYPWQNApAqJjigNEGHUfueSR8S2YBcraJPf7DNYJ826QhIunsL9KoAktw51758VYUtngEEhLGiBBnF5TvNxDh2wGX60IGrc2Y.pkg,UP9000-BCUS98110_00-MAGDTSVEREN00001,PS3,PSN,THEME
BCUS98110,MAG,COLLECTION,US,,http://zeus.dl.playstation.net/cdn/UP9000/BCUS98110_00/e20TRerRYthFyFHIpGC35vnvNlNxQPyITNIhUL2jRdYTSjbTPbm7okvjgkSxXRSrDXIoowATqnsyXfgH4RcxU6KBgpMAsEB0fPuDt.pkg,UP9000-BCUS98110_00-MAGDTVALOREN0001,PS3,PSN,THEME
BCUS98164,Heavy Rain,COLLECTION,US,,http://zeus.dl.playstation.net/cdn/UP9000/BCUS98164_00/rbl487a1NjUBXxyYxffEbUg00H82Ram0bDYi7NFVb60CHGFHxO1lqvk4wXC3mApJ96obdOmc2bpgpCycrT79bTpxwylji6KxL9emh.pkg,UP9000-BCUS98164_00-HRCRIMESCENEPDSG,PS3,PSN,THEME
BCUS98167,ModNation Racers,COLLECTION,US,,http://zeus.dl.playstation.net/cdn/UP9000/BCUS98167_00/AqPEA5bykPfKNnQBpTplgUnAniTXVg2Nea7Xo1l7hFqsgngscTE7QC3HyQB23scagVy6MgU3onrScMcCqL9GbkThB7CKXAokb9iax.pkg,UP9000-BCUS98167_00-MODNATRACLIMITTH,PS3,PSN,THEME
BCUS98167,ModNation Racers,COLLECTION,US,,http://zeus.dl.playstation.net/cdn/UP9000/BCUS98167_00/BQdQXlPjuAYo0PRIdTnjT1kEswu4VLBvXWlOlxM4b06cdk1yAQ5G4mna1Mbnp8i2Lhhai6e3c0YWOO0gRNWyVh4DR6n9yXAgbD1J6.pkg,UP9000-BCUS98167_00-TMODNATION000002,PS3,PSN,THEME
BCUS98167,ModNation Racers,COLLECTION,US,,http://zeus.dl.playstation.net/cdn/UP9000/BCUS98167_00/d51P5FLiTd4OltX89e9WLPpAvIdcrfEDn5UL4NforY1uM2N2pikPRvfMCFnEkAy1sV6GEpq4ms1AXwS5Wi1uMiDqOGrrftKbhl4x2.pkg,UP9000-BCUS98167_00-TMODNATION4PSN01,PS3,PSN,THEME
BCUS98174,The Last of Us,COLLECTION,US,,http://zeus.dl.playstation.net/cdn/UP9000/BCUS98174_00/InSiCdMADjygBXPLQJIUKlksgPPbewVQjnEkDQgCPCuQELvyGOljpWDswaYUwlHmtuVawyuuzUNlAraxoNgeBOvuReVMnBRMStaYZ.pkg,,PS3,PSN,THEME
BCUS98174,The Last of Us,COLLECTION,US,,http://zeus.dl.playstation.net/cdn/UP9000/BCUS98174_00/yLABhojDQymuEOTBdgFQkvOOyoZQMlidFxrdvkwywgAsgplfPgXpydyQrNeOHrpdCEkFKavGUGjmITdMMNPeUnbnxaGDOPnMderLi.pkg,UP9000-BCUS98174_00-LASTOFUSDYNAMIC1,PS3,PSN,THEME
BCUS98174,The Last of Us,COLLECTION,US,,http://zeus.dl.playstation.net/cdn/UP9000/BCUS98174_00/tcloAujHmGDHQXjGJcXAmECopygTUYQxvVxuUaSPBbTcpYeqxweOShPAEHUXGWEAqfIcpHIQNhbwETWUBqwaFjeSskTPjpesKUXzJ.pkg,UP9000-BCUS98174_00-LASTOFUSPRETHEME,PS3,PSN,THEME
BCUS98174,The Last of Us,COLLECTION,US,,http://zeus.dl.playstation.net/cdn/UP9000/BCUS98174_00/PABlPQlfzjRLIGcntCfzvnLOBMPIgbXNhhoZLWipzMsJvCZFWtTPHllUHVobfxysSpqsJrpuUxDllDyjQrnZysShpQkRTPaGDJQfE.pkg,UP9000-BCUS98174_00-TLOUCITYDYNTHEME,PS3,PSN,THEME
BCUS98174,The Last of Us,COLLECTION,US,,http://zeus.dl.playstation.net/cdn/UP9000/BCUS98174_00/RZzQWjuQYRotuhUhvTtamEILXABVxKUhKfBEwRfEBxlLXCyUVrrlrxMpXZSHLKqWgbyQlLePAJtFxjEmWmLAlIAuZkWkQVcqacvwQ.pkg,UP9000-BCUS98174_00-TLOUCONCEPTDTHME,PS3,PSN,THEME
BCUS98174,The Last of Us,COLLECTION,US,,http://zeus.dl.playstation.net/cdn/UP9000/BCUS98174_00/IUcSpefDMMpdEOIBQrpFOUZIRZOVyVsEEIejpoAXctfvEiExLKsvrnplWPXVGNgyupHaGEENJfChTpYGqTiatRKALDqKuSOdmlMds.pkg,UP9000-BCUS98174_00-TLOUELLIEDYNTHME,PS3,PSN,THEME
BCUS98175,Ratchet & Clank: All 4 One,COLLECTION,US,,http://zeus.dl.playstation.net/cdn/UP9000/BCUS98175_00/wPKHWOCfxYMNancYGISREHfIXELVRaxYsJoROCCHbEAHajSGRuSTuhwCGtqNdFIRscBCpBgCQqleTiTaAOjyoOPPmdmpQrwsrbsAw.pkg,UP9000-BCUS98175_00-RCA41DYNA0000003,PS3,PSN,THEME
BCUS98175,Ratchet & Clank: All 4 One,COLLECTION,US,,http://zeus.dl.playstation.net/cdn/UP9000/BCUS98175_00/vhHOZNgWLHBZmcMtnPdFxqKnPSZjVRYaHDbpPojSHQyqvfkqprgTynGyIogPSVYvSlQKtDYwagDexBBSmoWzUjYZvCvnySASlUeFr.pkg,UP9000-BCUS98175_00-RCA41STAT0000001,PS3,PSN,THEME
BCUS98175,Ratchet & Clank: All 4 One,COLLECTION,US,,http://zeus.dl.playstation.net/cdn/UP9000/BCUS98175_00/GBzKcQmvdzPbeKgzgRWCZkdLIaxVXEHtJWJXiznseomLBkfrShtIqOrBjESzIOivcbcoDGmhkkeeAVwgMnqgnvbmuDqAcYqOVmySo.pkg,UP9000-BCUS98175_00-RCA41STAT0000002,PS3,PSN,THEME
BCUS98181,Starhawk,COLLECTION,US,,http://zeus.dl.playstation.net/cdn/UP9000/BCUS98181_00/VMJVfTkeeLNfeYsgPHtbhpMieiyIbryBYshQVWdbRVyqhhTcDgCeFwPoknbglvKBPONoPGXOyuAkzisrsmOepQqAdsYmhtBrTWZqP.pkg,UP9000-BCUS98181_00-STARHAWKLTDTHEME,PS3,PSN,THEME
BCUS98181,Starhawk,COLLECTION,US,,http://zeus.dl.playstation.net/cdn/UP9000/BCUS98181_00/GQKHwkiNzTAIJRXhTyyPUhEPtsbcElEMeWmkAJPghgougYofOFQsPgmIbjbeRpkXmjHqQdevGCXuJKYebtlMHDdrNWqDTBobVzVHY.pkg,UP9000-BCUS98181_00-STARHAWKTHEME001,PS3,PSN,THEME
BCUS98214,EyePet,COLLECTION,US,,http://zeus.dl.playstation.net/cdn/UP9000/BCUS98214_00/mybGshEMlOYvkn5nPb8G7JuplEX8FOlcrBxwh5AkyadRipUPrRF0PPPw0qUFMq2D8VB8HFPGyB2rs3RW21Qy0KbIe7kGrfbbu7Tkv.pkg,UP9000-BCUS98214_00-TEYEPETXXX000003,PS3,PSN,THEME
BCUS98232,God of War: Ascension,COLLECTION,US,,http://zeus.dl.playstation.net/cdn/UP9000/BCUS98232_00/nvkBZINDMvZgLaGPQdimjhaKCWbvhIjmYiqaeYlFLWbQmUOesEPnkHQQYhPFVCUpcHrBKgrILuiIyFIbBBflCaeWCpEarIYwhibSC.pkg,UP9000-BCUS98232_00-THEME10000000000,PS3,PSN,THEME
BCUS98233,Uncharted 3: Drake's Deception,COLLECTION,US,,http://zeus.dl.playstation.net/cdn/UP9000/BCUS98233_00/RaCNNJjkNsgaClBOQXvIWnwpDkvRTbHvXYwuRBRkisCtPgeDrymJhvJTlAcVmvGRKndMfnyZJQcmKANcokJiDAdwMrTnXmxlRPqsa.pkg,,PS3,PSN,THEME
BCUS98233,Uncharted 3: Drake's Deception,COLLECTION,US,,http://zeus.dl.playstation.net/cdn/UP9000/BCUS98233_00/ptmZUvNeGgNmnBZUhAIgPeMWNlEwiZxDYHZhEhbEQMQXMOqmBjKWtqANgwRIpPyUncUiilChBkDwjHsLVJhCFVWXgaZCLddETevKD.pkg,UP9000-BCUS98233_00-SPRINTUNCH3THEME,PS3,PSN,THEME
BCUS98233,Uncharted 3: Drake's Deception,COLLECTION,US,,http://zeus.dl.playstation.net/cdn/UP9000/BCUS98233_00/NtLPoHTRhRAxWlYPcLJQTQDSdfalKGohGaZjcLOXxDEcdztCGCKNWzqrtRmabaFKXicekXpSnWxGCYBPBspzpCyeKfZvhQhMBOlap.pkg,UP9000-BCUS98233_00-UNCHARTD3DYNAMIC,PS3,PSN,THEME
BCUS98233,Uncharted 3: Drake's Deception,COLLECTION,US,,http://zeus.dl.playstation.net/cdn/UP9000/BCUS98233_00/BaCrDjZiHdQvpCHACVPWkJuclARWwYgximMZwrAJVPTdYPUlPgujmyrMyRodcVEPKBHHSPkqqkcwEBUKwvHqWqlVagaywWoGCmmOw.pkg,UP9000-BCUS98233_00-UNCHRTD3FHCTHEME,PS3,PSN,THEME
BCUS98234,Killzone 3,COLLECTION,US,,http://zeus.dl.playstation.net/cdn/UP9000/BCUS98234_00/TnndPCJvFFnmzEZEKNqQyQIQIDufCURECySrAAmdWFyiBwMxwFxMUTBxLuWYQXqhVNYlVMHOZQtMLBhaVpoDChhTgIvOPAazXsSmr.pkg,,PS3,PSN,THEME
BCUS98234,Killzone 3,COLLECTION,US,,http://zeus.dl.playstation.net/cdn/UP9000/BCUS98234_00/4dlVptgF1yToppCqev9pRQIqIrQ04MJe94MWE9x1u0yWveeDNtB9fmraJuAJBE5cKilmOCUunDtGpSjG6EMroc3vAsCHbO6cEEUU9.pkg,UP9000-BCUS98234_00-KILLZONE3PS3TH01,PS3,PSN,THEME
BCUS98234,Killzone 3,COLLECTION,US,,http://zeus.dl.playstation.net/cdn/UP9000/BCUS98234_00/mIeQaUKwifpJCowFkywlMNfjkGJtDSKTUpuMTOipSrMsGAEMOCefsGWQAJRwFFfWOtQaoklNreOsoiUUVqRvpRayptdzIVfwtjDJT.pkg,UP9000-BCUS98234_00-KZ3HAZMATDYNAM01,PS3,PSN,THEME
BCUS98242,MotorStorm: Apocalypse,COLLECTION,US,,http://zeus.dl.playstation.net/cdn/UP9000/BCUS98242_00/AvihXpMwLLRWqyMuRGtzRWBHeYcVwgMNbeprqnupyTHyBNcdsWrhcFRkPdHCeDvvGCHSuxoQlIlzCvSZuVXaQaKUEnajUzDdvjlJY.pkg,UP9000-BCUS98242_00-TMOTORSTOR000006,PS3,PSN,THEME
BCUS98245,LittleBigPlanet 2,COLLECTION,US,,http://zeus.dl.playstation.net/cdn/UP9000/BCUS98245_00/OTPwroHtdTBuqCHAGADGdZQNcztIIdeHSHVqPZLEnvBSNxpPmpasSymgDmTdnGaSnQUJyFtRfWgXOVHMMQorpvXdvkCKiQBvFMGDR.pkg,UP9000-BCUS98245_00-LBP2PRIUSDYNAMIC,PS3,PSN,THEME
BCUS98296,Gran Turismo 6,COLLECTION,US,,http://zeus.dl.playstation.net/cdn/UP9000/BCUS98296_00/OnwdLvKAOfnROHEHRLwPRRSfdLGmMAnqXuozKnxVQowgqZrLMcpxowPCuTjzCGRV.pkg,UP9000-BCUS98296_00-STOTHEME00000000,PS3,PSN,THEME
BCUS98298,Beyond: Two Souls,COLLECTION,US,,http://zeus.dl.playstation.net/cdn/UP9000/BCUS98298_00/spUvrpnnJPvlfFeCKqgdKpsYSeqdqfxvwlxxdAfUMyHIWQxmJORirIexMmxKqRpFdPWCQFGMATunWXwcLFOvRhIRqjgqpWCLZFSjR.pkg,UP9000-BCUS98298_00-BEYONDTHEME00001,PS3,PSN,THEME
BCUS98298,Beyond: Two Souls,COLLECTION,US,,http://zeus.dl.playstation.net/cdn/UP9000/BCUS98298_00/QkkmNfylEdyrlttbdHrcEaPCzlSrOoctWjpNPnnkrpKPwRJnGJAwTLQKavDTvwLB.pkg,UP9000-BCUS98298_00-TBEYONDTWO000002,PS3,PSN,THEME
BCUS98359,Wonderbook: Book of Spells,COLLECTION,US,,http://zeus.dl.playstation.net/cdn/UP9000/BCUS98359_00/ARlnOpQoRZYcwaDzXFfnTcCUnnzHQnYUIvLBYUCTDHjdLjWYBcgvnFIFXmOmyTde.pkg,UP9000-BCUS98359_00-TBOOKOFSPE0000EN,PS3,PSN,THEME
BCUS98472,PlayStation All-Stars Battle Royale,COLLECTION,US,,http://zeus.dl.playstation.net/cdn/UP9000/BCUS98472_00/kzmZNBgDHpMKfidfVKdxBaUweirctaWqxiNIMaaFzZtQGbSxwdRtvJgyOtFjRuRZsFGWRfMzCxTKldgicDTFsmEmMjDvrUvPjyspT.pkg,UP9000-BCUS98472_00-PSABR01DT0000001,PS3,PSN,THEME
BCUS98472,PlayStation All-Stars Battle Royale,COLLECTION,US,,http://zeus.dl.playstation.net/cdn/UP9000/BCUS98472_00/wlWNDShsGgmqNRhyReKRhGaclpPXzgJLRIdQkOQZGoachHyRDRWxxWXphbebYwDKlzQjFxwtUPvMnaULgTGEmGXkKSnJGfFOBXNzG.pkg,UP9000-BCUS98472_00-PSABR02DT0000001,PS3,PSN,THEME
BCUS98472,PlayStation All-Stars Battle Royale,COLLECTION,US,,http://zeus.dl.playstation.net/cdn/UP9000/BCUS98472_00/SkoEyRbIkcjljKamaiZaaVvQskTwZBCXyErHgyOmiFrvLUISMzLEVMcBAiCgMDjVSiqDuuhuTyFmNlFrupCzZwpUjjQdCgmMpUiJd.pkg,UP9000-BCUS98472_00-PSABR03DT0000001,PS3,PSN,THEME
BCUS98472,PlayStation All-Stars Battle Royale,COLLECTION,US,,http://zeus.dl.playstation.net/cdn/UP9000/BCUS98472_00/asLpwzIgFamLBkIIcggaawCTrAFKKcYittkTOhVoXwerPKHpwtprJfoZMOXLdcFSRYqJfGEYMNuHwbHBijSeFKOnzSeWtRkuPzqJN.pkg,UP9000-BCUS98472_00-PSABR04DT0000001,PS3,PSN,THEME
BCUS98472,PlayStation All-Stars Battle Royale,COLLECTION,US,,http://zeus.dl.playstation.net/cdn/UP9000/BCUS98472_00/vESpNbqCelgxfHzbfTUOqweTjqGaAJLkInUvSfGGaJqFPJCDtRChqPiIKCSMHnTqWzKSVkfykmhTqPVrnEHtlrMvjrfqxxJrJZIdr.pkg,UP9000-BCUS98472_00-PSABR06DT0000001,PS3,PSN,THEME
BCUS98472,PlayStation All-Stars Battle Royale,COLLECTION,US,,http://zeus.dl.playstation.net/cdn/UP9000/BCUS98472_00/GQLKYEnfeyQHbgLAChpIXvAZejiLqIWcYEgJQbhBRgNioRoxeZvkNQnMkclDurZcEEFbTXZPxQNzoXJeHlnZymSPZkfuCFDfktGsu.pkg,UP9000-BCUS98472_00-PSABR07DT0000001,PS3,PSN,THEME
BCUS98472,PlayStation All-Stars Battle Royale,COLLECTION,US,,http://zeus.dl.playstation.net/cdn/UP9000/BCUS98472_00/puBQrBLiNVOnJPLucqQNGZZNiEPBunfGXeNOpkgGWWOaEHVnkOiUxPfRncOQZzxeFebmWUgWNzuwWnNlavJhMpzVAVsrcpeHQfCDm.pkg,UP9000-BCUS98472_00-PSABR08DT0000001,PS3,PSN,THEME
BCUS98472,PlayStation All-Stars Battle Royale,COLLECTION,US,,http://zeus.dl.playstation.net/cdn/UP9000/BCUS98472_00/OQYWKWOSJCjsRkCohBDRgfHMcFxBgBooiiIrDItYJJfzECoCWhiRgqacyHEYqjKdCsowVGQgmWXmRKdXAxqdQvGlUBFHmumaTBydW.pkg,UP9000-BCUS98472_00-PSABR09DT0000001,PS3,PSN,THEME
BCUS98472,PlayStation All-Stars Battle Royale,COLLECTION,US,,http://zeus.dl.playstation.net/cdn/UP9000/BCUS98472_00/TQhFNtEvUJtYMYQSASLOHsVEAUynwfwwLVjwGCpvoLBwVXPElWvtKbsKdoOGAvpFmRZcejZbXWKsAdrzAZRRJwsBmXZpwWyLwZzrG.pkg,UP9000-BCUS98472_00-PSABR10DT0000001,PS3,PSN,THEME
BCUS98472,PlayStation All-Stars Battle Royale,COLLECTION,US,,http://zeus.dl.playstation.net/cdn/UP9000/BCUS98472_00/PFonUozxtZtlxQlpCbPOfuGtbrvUHUhRoYdzHYGiiBafRLkhdZtzRFHdWTOgYvZtGbFrYsoYctHUviZGKPdwxgqQHeaaYLnkQrZrs.pkg,UP9000-BCUS98472_00-PSABR13DT0000001,PS3,PSN,THEME
BCUS98472,PlayStation All-Stars Battle Royale,COLLECTION,US,,http://zeus.dl.playstation.net/cdn/UP9000/BCUS98472_00/qTtVzadaXkPrDPbBCVkRUqVQnMApEashlWXnoewTVLWnmTAJhHHgmfIpYIlDdUWZRGtEBfWsiSaxeDqpMfzKNgcpaJfzVQGuwhmZw.pkg,UP9000-BCUS98472_00-PSABR14DT0000001,PS3,PSN,THEME
BCUS98472,PlayStation All-Stars Battle Royale,COLLECTION,US,,http://zeus.dl.playstation.net/cdn/UP9000/BCUS98472_00/FmTqlCmtwOxAnRVXzHnpauDpGygzDfkxPDIDtmtKWLJRVkJFKbrHZjwDpPocIVCzGPtJwAeLZditOTUHajIJIBGEsCiRouMSGZzIO.pkg,UP9000-BCUS98472_00-PSABR16DT0000001,PS3,PSN,THEME
BCUS98472,PlayStation All-Stars Battle Royale,COLLECTION,US,,http://zeus.dl.playstation.net/cdn/UP9000/BCUS98472_00/tJPmTrGSlnDKHovdJGwmzQjUEYcbTkLaglnQyqIIudhmWeQxUHyMdouSkovoVSJnXktEDsjMSJWTnzneiIGpMygEmrGTUhVAMoUfh.pkg,UP9000-BCUS98472_00-PSABR17DT0000001,PS3,PSN,THEME
BCUS98472,PlayStation All-Stars Battle Royale,COLLECTION,US,,http://zeus.dl.playstation.net/cdn/UP9000/BCUS98472_00/xkUzqJoKXYOpgEDaNPpEPJrDPsBvzjqhOKPNGKbfObHutYRpRUPykHvxZPzGisucLxmjfpiqcYZQoSPdiLNlzHlbgxlIPLIvWUeaf.pkg,UP9000-BCUS98472_00-PSABR18DT0000001,PS3,PSN,THEME
BCUS98472,PlayStation All-Stars Battle Royale,COLLECTION,US,,http://zeus.dl.playstation.net/cdn/UP9000/BCUS98472_00/KNydTAXHBpHgwXISjAljESAhWMDBVopKEYAyksrzjwFDVNPuwmFInnoMGabbwNShYNgNRboHLZJfkNToSoJpaVIydAVmrrPaCeHCj.pkg,UP9000-BCUS98472_00-PSABR19DT0000001,PS3,PSN,THEME
BCUS98472,PlayStation All-Stars Battle Royale,COLLECTION,US,,http://zeus.dl.playstation.net/cdn/UP9000/BCUS98472_00/SyyQejciWVYLWvvOygeWsgVLqyCollWYGrQwqaWowXIjqoOCACWRiVkuFIfICqPLmerobtuJUyQaHXyfscppCRIjTyTKNWIhsCPmL.pkg,UP9000-BCUS98472_00-PSABR20DT0000001,PS3,PSN,THEME
BCUS99121,Wonderbook: Diggs Nightcrawler,COLLECTION,US,,http://zeus.dl.playstation.net/cdn/UP9000/BCUS99121_00/NxFQSQffaPTtCyDrTdyrzPlzWMNYhvGBtGdtyDZpkealjPkgqcVrvpyeOiJOZMjH.pkg,UP9000-BCUS99121_00-TDIGGSNIGH000001,PS3,PSN,THEME
BLES00669,Assassin's Creed II,COLLECTION,EU,,http://zeus.dl.playstation.net/cdn/EP0001/BLES00669_00/ym3N8jADDywv1wd18ohtCrvk1YhdKJVNTsiKNDUuDwwTltGmx7Trv2YfcALyfagCOEgTd5L8JFDJ69tCft81Lol8pCx30uWRDfIYn.pkg,EP0001-BLES00669_00-AC2UPLAYTHEME001,PS3,PSN,THEME
BLJM60291,Dynasty Warriors 7,COLLECTION,JP,,http://zeus.dl.playstation.net/cdn/JP0106/BLJM60291_00/xtagLUMOOVHeQHXDuzrCCgMzrkLnYAgLMGnZSrGohlvIJdtzAjVYLPsRFyEBAOcmDEdgEBSIanRdkeaayOhfhRmMRDOgRnziSAZVj.pkg,JP0106-BLJM60291_00-CUSTOMTHEME00000,PS3,PSN,THEME
BLJM60291,Dynasty Warriors 7,COLLECTION,JP,,http://zeus.dl.playstation.net/cdn/JP0106/BLJM60291_00/XLhjXArGyLJGUQSDQAjLofMTxFdfkjsprtMlJZFKXyAXsXZofTcIMhHEvLQHByQfPVHAdzmzDnVmLujlvqIixmcPpYNlxjuRywbBr.pkg,JP0106-BLJM60291_00-CUSTOMTHEME00001,PS3,PSN,THEME
BLJM60291,Dynasty Warriors 7,COLLECTION,JP,,http://zeus.dl.playstation.net/cdn/JP0106/BLJM60291_00/mXSEKIfFnbIUliIKYCIiGwlGgWgArsJZDEDENxOPjAWJnKBdKBzILWsQSKlCwVaiNWgsSBNHWqWdGTYhCeotJszxfYznzxEoqkmQQ.pkg,JP0106-BLJM60291_00-CUSTOMTHEME00002,PS3,PSN,THEME
BLJM60444,"Touch, Shot! Love Application",COLLECTION,JP,,http://zeus.dl.playstation.net/cdn/JP0031/BLJM60444_00/gbHKWFOwawSxkLPFFyuwmDziIlnjzdxFMwDCqqDlAkOaCcJCqIrAEOOqYUwoZvxoHTSfEdbxVZlZvEjiRINMGDKlyGQsMmdOQmkBm.pkg,,PS3,PSN,THEME
BLJM60444,"Touch, Shot! Love Application",COLLECTION,JP,,http://zeus.dl.playstation.net/cdn/JP0031/BLJM60444_00/DGbmsdXLgEKYbrGKIAYyihqrvCwUIYjCmIMxtNspnpjJWwLOdLGTpNSgKpesEYEkKxqLXiZkZAgdyCxPwJFgycsewVORmtOLCYfOp.pkg,,PS3,PSN,THEME
BLJM60444,"Touch, Shot! Love Application",COLLECTION,JP,,http://zeus.dl.playstation.net/cdn/JP0031/BLJM60444_00/ZUJeanMTbryYSynsdwhofTQJuJYHRePUuVLDWCicwjHjYjjxgwbRmquVBGCWhpFletDHucDtaplHCblYpOOaCgLgqvmAeaUVmzfcL.pkg,,PS3,PSN,THEME
BLJM60444,"Touch, Shot! Love Application",COLLECTION,JP,,http://zeus.dl.playstation.net/cdn/JP0031/BLJM60444_00/jxFKqlWekGjXbOzEPqKBJiZGaTvapOtRmgTBUsQfxBhiobDFHCNoXonkEArDWHcrUhPKNBeTErVHqfgceocppYUKEXxpBGJAEhlkm.pkg,,PS3,PSN,THEME
BLJM60444,"Touch, Shot! Love Application",COLLECTION,JP,,http://zeus.dl.playstation.net/cdn/JP0031/BLJM60444_00/cQVdNvDkyiWoZarFeQMVSMnXzqOOycuTeaaobJRdsAyFZWSjGtbHdlujQBwYgQriyMNbuUiMXzSMWJRnGTFAVxrSKaUaWNhLIIKNN.pkg,,PS3,PSN,THEME
BLJM60444,"Touch, Shot! Love Application",COLLECTION,JP,,http://zeus.dl.playstation.net/cdn/JP0031/BLJM60444_00/vpwRiZoHmxEIyvzBveMVtQtxPoXoNzmjuUcmUKljqTizNtkgKEcSDquOObFFkyoxeoUXQGUYycdgtxsjLeXMSahTXJZPrgsvvyJFi.pkg,,PS3,PSN,THEME
BLJM60492,Hyperdimension Neptunia Victory,COLLECTION,JP,,http://zeus.dl.playstation.net/cdn/JP0031/BLJM60492_00/rSRqBNfLBPQEsIOASUhgmIwEPZfSHVYPOwQmRQClyAPtpBsBruiXQemCBbXlrcMyhzMdYgcPDyZzZWfFiBiOtpuZabJhkdVBIafyP.pkg,,PS3,PSN,THEME
BLJM60558,Lightning Returns: Final Fantasy XIII,COLLECTION,JP,,http://zeus.dl.playstation.net/cdn/JP0082/BLJM60558_00/YKAaJKRAQbGcanYmLDllZydqWlsQillMHZmWEpwjPwZfgpUJgBwZIeQMvnKFVYAKbvFvqmJwyuqkRgrREfOJQKajxMdkiYMQPxdVm.pkg,JP0082-BLJM60558_00-LRFF13PS3THEME02,PS3,PSN,THEME
BLJM60993,Dark Souls,COLLECTION,JP,,http://zeus.dl.playstation.net/cdn/JP0506/BLJM60993_00/CpUoiHHwKGIepQjcGSJVpiLopmEuPxkLTLYedAuJOKTlSAkPcWKboRwlAUzugJWuOKXXfSwQnGlunFGgXdXKWYmjOeZYQssCACKmP.pkg,JP0506-BLJM60993_00-THEME00000000001,PS3,PSN,THEME
BLJM60993,Dark Souls,COLLECTION,JP,,http://zeus.dl.playstation.net/cdn/JP0506/BLJM60993_00/gCJVkivnlBinMARtaFoEfIMqdqaahqpVCmISeTkPrfYicoYNqgFCfeUppRSgmKVrkCXbWMCsOHHMUTmBKQuLJFWeIoRiGNliVUZkE.pkg,JP0506-BLJM60993_00-THEME00000000002,PS3,PSN,THEME
BLJM60993,Dark Souls,COLLECTION,JP,,http://zeus.dl.playstation.net/cdn/JP0506/BLJM60993_00/nXdmaPqhltNXReSzruvBdTghhHsSSaDwVZQSZztvEoKosRFOYuZHvozUaqVlGtMLTHcDBGtmUYedvwmxshUzytDJCGPNuQaeTtkbq.pkg,JP0506-BLJM60993_00-THEME00000000003,PS3,PSN,THEME
BLJM60993,Dark Souls,COLLECTION,JP,,http://zeus.dl.playstation.net/cdn/JP0506/BLJM60993_00/cylHZFJhYXmxSDTrbTgQDTWEBRBQmrmdxQoqdJRifTLJCyyGyJyUxBOiAgUSFPdGPLIOaxKjKiAburVVWCZPQFFCDwtdGRwIKOxKr.pkg,JP0506-BLJM60993_00-THEME00000000004,PS3,PSN,THEME
BLJM60993,Dark Souls,COLLECTION,JP,,http://zeus.dl.playstation.net/cdn/JP0506/BLJM60993_00/FoASWvzdiHDVCQCSCEALJUkkWlUkvttjAjMmCSCdOgYGZNfoRsMFSdEunjxKilppAlZIdJhMaXBlmOTFdxCKraZIieDVRLGwrwuTA.pkg,JP0506-BLJM60993_00-THEME00000000005,PS3,PSN,THEME
BLJM60993,Dark Souls,COLLECTION,JP,,http://zeus.dl.playstation.net/cdn/JP0506/BLJM60993_00/dJpxeyQKtVNtncoaioPQiPPLuTdKSzCeJMntzUKTBjESnNdmvodrTSgSWZmPvYAUkJnxMuwCDlAuHlDezZMvOOdIuthcvTjIljgEg.pkg,JP0506-BLJM60993_00-THEME00000000006,PS3,PSN,THEME
BLJM60993,Dark Souls,COLLECTION,JP,,http://zeus.dl.playstation.net/cdn/JP0506/BLJM60993_00/QGzvuzhCWOVgFGdOXkJjlPhKmVXXJvvLbRqYGHxSBFIWwXALglCgpHBHOZUNTNOtSnJlFtERnwstjFAxeVUcaYjjvXzcxGvkXqpBd.pkg?,JP0506-BLJM60993_00-THEME00000000007,PS3,PSN,THEME
BLJM60993,Dark Souls,COLLECTION,JP,,http://zeus.dl.playstation.net/cdn/JP0506/BLJM60993_00/XKqZFMkSHYGnAJqDAwSBguATjwuBbHrlUTWRuVMURFDaXpwWDnBZEOmMHcvRgfqhMHykpytGCgotUrCvjoyYyNJkWgvaVEdCKARIz.pkg?,JP0506-BLJM60993_00-THEME00000000008,PS3,PSN,THEME
BLJM60993,Dark Souls,COLLECTION,JP,,http://zeus.dl.playstation.net/cdn/JP0506/BLJM60993_00/tshjdzLwYzDrvmmxvZwDVnqImgvLkTCoNJJQKBGEobFjAAqOycNFgVUfrcNvVHOBlHVZXFoVpCCOiocLPRFWOhTTlVGKubLstnYNv.pkg?,JP0506-BLJM60993_00-THEME00000000009,PS3,PSN,THEME
BLJS10011,Disgaea 3: Absence of Justice,COLLECTION,JP,,http://zeus.dl.playstation.net/cdn/JP0404/BLJS10011_00/t2xLhNsbwDfFO4YkweYXV6XSjvQSMiUD0S3qvT3t6P5dMI8pilBFnbxq5yKoyTMcetJ3X04OUVGX2xHOfbiuyhy81xWulHYAbMQYu.pkg,,PS3,PSN,THEME
BLJS10093,Tales of Graces f,COLLECTION,JP,,http://zeus.dl.playstation.net/cdn/JP0700/BLJS10093_00/NUrPzlHlVsKzBtFHTWqXEfxMLyYemAQvMaDGoNnDJOygAUPzCqlfJtwpizAXvfndXpBDOYOiDKCptWlMNMzvswVzhtBiQFSVrJKAs.pkg,JP0700-BLJS10093_00-TOGFCUSTOMTHEME1,PS3,PSN,THEME
BLJS10095,Makai Senki Disgaea 4,COLLECTION,JP,,http://zeus.dl.playstation.net/cdn/JP0404/BLJS10095_00/McIRjcqDqzHRQadMpKDunaffLwrrlUwqmVptjHFkmdwLCgshGbmClShkCxUrkFnvFKSPdrkxKdBeqRzfBszpGFPzoaSYWSpRcAQdR.pkg,,PS3,PSN,THEME
BLJS10095,Makai Senki Disgaea 4,COLLECTION,JP,,http://zeus.dl.playstation.net/cdn/JP0404/BLJS10095_00/buMHRTfFgfzAnMZiAbaISuRZJCFwjFJZteFHBVrOeyKipaPfbPQToGyBuTcDqCzOyWaSJpyoSpvjSZynSFIsVnTYAWmJLhriWkOyf.pkg,,PS3,PSN,THEME
BLJS10095,Makai Senki Disgaea 4,COLLECTION,JP,,http://zeus.dl.playstation.net/cdn/JP0404/BLJS10095_00/qlRbOmWtjYybMAHGxpOsVJNHZMnYBvqdDExxMnsGXfRkLJlFjZkuENBxPHGNklnbGfnuxIsKsUOgaSLtwYqpxtEAhqyDnqVoBbLhK.pkg,,PS3,PSN,THEME
BLJS10095,Makai Senki Disgaea 4,COLLECTION,JP,,http://zeus.dl.playstation.net/cdn/JP0404/BLJS10095_00/SarlQbgPpmKLRbKpRkZDSEDwbvTZLiTqzGePiaSrlHGYENadPnftWKmFUryjwdnKwACQTzZBsXfqkqAYIhaZepoYmXHmeZmiRRbeN.pkg,,PS3,PSN,THEME
BLJS10095,Makai Senki Disgaea 4,COLLECTION,JP,,http://zeus.dl.playstation.net/cdn/JP0404/BLJS10095_00/kDOwXugbmCOEzAYgXAdLXcevSYlASuqMIccrFVinFGIDMmhmuSDQygYjtNmykGydsowKpZRLBvrFjiXYwACLJCBiOpOptqTsfqaZq.pkg,,PS3,PSN,THEME
BLJS10095,Makai Senki Disgaea 4,COLLECTION,JP,,http://zeus.dl.playstation.net/cdn/JP0404/BLJS10095_00/zKykpsWiFJTNfBsRtulGgAEJRpruIFYZKxTraCvakByTfFBqxhGfagTXjiCbVCpsfxgMcKGKDYehsVoKDTLzGizesgiZGKzFjsXyU.pkg,,PS3,PSN,THEME
BLJS10095,Makai Senki Disgaea 4,COLLECTION,JP,,http://zeus.dl.playstation.net/cdn/JP0404/BLJS10095_00/jlwviuxigNZzpUGYptnHxZgOKXtdjTrhnebkzpfnFlUWavIPSLaQUuYOyUXhrEVjViEkQjeBqTwyuFCICtNYppVvrpVqVVOWyTWNF.pkg,,PS3,PSN,THEME
BLJS10095,Makai Senki Disgaea 4,COLLECTION,JP,,http://zeus.dl.playstation.net/cdn/JP0404/BLJS10095_00/PSaGYQOFAzSnaSssuMWutMqvKCcwqCpttxkPZbwDpLEoujJwMgQKuZDXfXseLmvaCiddnchAvmpEYanyERrDODHoJSGPdzlrdirTS.pkg,,PS3,PSN,THEME
BLJS10188,Tales of Xillia 2,COLLECTION,JP,,http://zeus.dl.playstation.net/cdn/JP0700/BLJS10188_00/udApSlfWEtuJMaQtnaqWnNOQZenvbTGpwILnTDkOzYXIGqqVtMXYftIpUABSyhSAqdiQayiVtyYpIyGpRbUECQqSBsKLjLNPygNiM.pkg,JP0700-BLJS10188_00-PS3XILLIA2THEME0,PS3,PSN,THEME
BLJS10188,Tales of Xillia 2,COLLECTION,JP,,http://zeus.dl.playstation.net/cdn/JP0700/BLJS10188_00/oYaeqcrKXPhXOJivjkQOlairIhWiiXbQNcKvESDLQWwolurPNJnqWHGCGisMRgaguEAblvkOxRsgqgbvGFCapDOdwOCkhLaoHHiKN.pkg,JP0700-BLJS10188_00-SPECIALTHEME0000,PS3,PSN,THEME
BLUS30181,Disgaea 3: Absence of Justice,COLLECTION,US,,http://zeus.dl.playstation.net/cdn/UP1063/BLUS30181_00/3PSahhoLBksfTQGYrDawOYs5Iiq5BMxwlMMWpN69t2JgQRt4FhNSlL4Naf3wwljItfRhCvetdGjXh3dswTmupxIXRWUTot3f2gJpI.pkg,UP1063-BLUS30181_00-PS03700000000203,PS3,PSN,THEME
BLUS30291,Guitar Hero: Van Halen,COLLECTION,US,,http://zeus.dl.playstation.net/cdn/UP0002/BLUS30291_00/0dbkKBVDg48Mrh2eA7aK6KcdrLgT83X5b07T07rwWIe9526Wl2RuaTfmFAgN2wjLokiHd02K5j4FLKv5xA91u5Yha98csb2gKrKF6.pkg,UP0002-BLUS30291_00-GHVANHALENTHEME1,PS3,PSN,THEME
BLUS30342,Sonic & Sega All-Stars Racing,COLLECTION,US,,http://zeus.dl.playstation.net/cdn/UP0177/BLUS30342_00/UxFc9AGE6m3oV4pcoGUpcnE5Gc29cSKmXax4Eepqg84Ie0YBerd8xxj0ryRHuwBFM88NbmQTy898CrTN1CV9y0YRT2Tt5nlSQbwNn.pkg,UP0177-BLUS30342_00-TSONICANDS000001,PS3,PSN,THEME
BLUS30364,Assassin's Creed II,COLLECTION,US,,http://zeus.dl.playstation.net/cdn/UP0001/BLUS30364_00/kX3JPbKrFLiMWf7abIOto3IWNrvgJVdCwtb0lc6jMejywLRPk7NgvKnmur8XQ9VeBS9tFAYF5V4OI22MEqoLmtYFfIjGpdfW8FTYM.pkg,UP0001-BLUS30364_00-AC2UPLAYTHEME001,PS3,PSN,THEME
BLUS30408,Army of Two: The 40th Day,COLLECTION,US,,http://zeus.dl.playstation.net/cdn/UP0006/BLUS30408_00/sheMIyk2okMYUmoUgdoF9VPFXYFSt2u7TbFRXBhc8RrkXuL2HgtQICPUcHuTb75sEsD6W3elrOjPBttUfPEcvE7PNwnQLYE38r4LI.pkg,UP0006-BLUS30408_00-AO2TFDPS3THEMENA,PS3,PSN,THEME
BLUS30485,Rage,COLLECTION,US,,http://zeus.dl.playstation.net/cdn/UP1003/BLUS30485_00/uYgntGtHDatRnwnVbFGSqrTTzLJgCcydbHJOuXLGQHEsiPrClJEqFuUaynSwNRqpkdwgSUiYnDoGEbPAFuRgryWQCqOFlObMeddTm.pkg,,PS3,PSN,THEME
BLUS30522,Mortal Kombat,COLLECTION,US,,http://zeus.dl.playstation.net/cdn/UP1018/BLUS30522_00/ukQNZFZlMegKhtcnYPrIFjQyTzVbEdZRgDxfCNfBYAGeGYdFLjSgtkbNYBOeibeQunrqAXyDvGfGPpuKsQGwhPEvsWZWuMdqidldY.pkg,UP1018-BLUS30522_00-MKHEROESKE000001,PS3,PSN,THEME
BLUS30522,Mortal Kombat,COLLECTION,US,,http://zeus.dl.playstation.net/cdn/UP1018/BLUS30522_00/iUnmzZRMuFlBdxGcALLaNjXSYxvCASyqHFVXheBPKvrQgQVjijDMiVuxVpRdjzeaAwMxHtxryfEFxtOxXAfIgAsKMFQDXlhVJBfAJ.pkg,UP1018-BLUS30522_00-MKVILLAINS000001,PS3,PSN,THEME
BLUS30534,Star Wars: The Force Unleashed II,COLLECTION,US,,http://zeus.dl.playstation.net/cdn/UP1010/BLUS30534_00/2y60voRjFXQr8Tar7tRfJQp5pyAGB11O2XBi8owpOLhQ41K8CRetY8JWolyGWOJkK56Gxq1l4OkJM1amsRNt4FUtuT6D9CP3w2K9T.pkg,UP1010-BLUS30534_00-FORCE2DYNAMTHEME,PS3,PSN,THEME
BLUS30538,Batman: Arkham City,COLLECTION,US,,http://zeus.dl.playstation.net/cdn/UP1018/BLUS30538_00/iFqmAsWtixhdzmCodVfveKTYBSrAvDhSVLldCIiKOvOUncWbDNrUZtiXmZUhYVPQYHsXcFjjopoNXRRLtNrlmYhXSeEjCPxQdFcLD.pkg,UP1018-BLUS30538_00-BATMANACDYNTHEME,PS3,PSN,THEME
BLUS30629,BioShock Infinite,COLLECTION,US,,http://zeus.dl.playstation.net/cdn/UP1001/BLUS30629_00/fILLbcZwxKksgVpjcKzHanctDjbnFREPIuOPqGLkEpgLrBhCoBfAbvkZBHEcIYIO.pkg,UP1001-BLUS30629_00-THEMEPS3UX000023,PS3,PSN,THEME
BLUS30639,Ar tonelico Qoga: Knell of Ar Ciel,COLLECTION,US,,http://zeus.dl.playstation.net/cdn/UP1063/BLUS30639_00/TRPNCSWnwHdGukgtPGITCOejaCCdBfTJSuzqKnMaQDhsGHjHpSIIAXDgZBxFIeKvTRCpGZjquHGsDrmZQHoGYUrwTDckygExfbwve.pkg,UP1063-BLUS30639_00-TARTONELIC000002,PS3,PSN,THEME
BLUS30643,Yakuza 4,COLLECTION,US,,http://zeus.dl.playstation.net/cdn/UP0177/BLUS30643_00/sLqcrPWnFQpEvHGQiGksczcaqLEPmtuqGdlbBXWOLNSBGIZYfzsLOXleRIEqvCUDMYSKkstXByeWbaSzUbKzthKYIENbeYydSyZOY.pkg,UP0177-BLUS30643_00-HOSTESSDYNAMIC01,PS3,PSN,THEME
BLUS30643,Yakuza 4,COLLECTION,US,,http://zeus.dl.playstation.net/cdn/UP0177/BLUS30643_00/AcksWWECWejzGWbiTUvcEMLmMMjrmszSjDaTTdurqGJExYnTApNirAKkBsfqJYisQTYDHWjpEcBBjWRsuZCTvKhmrlgEjrHcEqrKK.pkg,UP0177-BLUS30643_00-MENDYNAMICTHEME1,PS3,PSN,THEME
BLUS30681,Transformers: Fall of Cybertron,COLLECTION,US,,http://zeus.dl.playstation.net/cdn/UP0002/BLUS30681_00/vFaUEvrWfTPAcyNGWXLNTEdrYSAnWSgBfQepKlyqrorQlJsUmXGqrmJTVNUWFKQq.pkg,UP0002-BLUS30681_00-TFOCEUDECTHEME01,PS3,PSN,THEME
BLUS30778,The Elder Scrolls V: Skyrim,COLLECTION,US,,http://zeus.dl.playstation.net/cdn/UP1003/BLUS30778_00/AjEnpUasBKnvYhMBjvmrtRjdAVINCzbHpDWjEWTswBurkLiGVhLNStYezJTajVTOPfsnIayPbmpNTqtZvDRvkKxmGItWaeUVZLeFg.pkg,UP1003-BLUS30778_00-SKYRIMDYNAMICTH1,PS3,PSN,THEME
BLUS30778,The Elder Scrolls V: Skyrim,COLLECTION,US,,http://zeus.dl.playstation.net/cdn/UP1003/BLUS30778_00/HxljZumLxxPdRRFRRnnXqdGcaLxsMUUaPzIbNjEzRdaXjBLnAQmWeNWSTzehdqYc.pkg,UP1003-BLUS30778_00-SKYRIMDYNAMICTH1,PS3,PSN,THEME
BLUS30835,Hitman: Absolution,COLLECTION,US,,http://zeus.dl.playstation.net/cdn/UP0082/BLUS30835_00/MPrfZBAvxzYIWVhKyCGtZAxVmBomYRBnyikcQIGzjYBdDXhDzQIZRxsOuHaLNnniVTaMDuFzqheXduOpUYhGBgplMrdguMqKxWeWq.pkg,UP0082-BLUS30835_00-CROSSEDHANDDYNTH,PS3,PSN,THEME
BLUS30838,Call of Duty: Modern Warfare 3,COLLECTION,US,,http://zeus.dl.playstation.net/cdn/UP0002/BLUS30838_00/KnfTtvcrGeohuRszQXaMgqUxbrWRSDZtMIUJmFcnLKtNuceSnkFuTNYUVLjWGEPlfHMFeYQHDVZWyqMhKMGqebJjsmSlXgxmwPiZr.pkg,UP0002-BLUS30838_00-CODMW3DYNAMICT01,PS3,PSN,THEME
BLUS30838,Call of Duty: Modern Warfare 3,COLLECTION,US,,http://zeus.dl.playstation.net/cdn/UP0002/BLUS30838_00/fPKItIrLNMBDVTDhVKfpvOGmaEqPHxyJzrkMwxhtSMAdXfupNsdRxTqOUDikiivgHvHpchPBBbJWGZdDVMGaajEsfGEEtdgeDFlbg.pkg,UP0002-BLUS30838_00-CODMW3FREET00002,PS3,PSN,THEME
BLUS30838,Call of Duty: Modern Warfare 3,COLLECTION,US,,http://zeus.dl.playstation.net/cdn/UP0002/BLUS30838_00/jXPKohHlCzmfqtzMAsstSaplbgLeSiuxVuHNuecHadPJgthvFauRoFXAHftqJaozMdRiNLBTbuJiSMZfEFlkWGMcabTQwiMXuKTOl.pkg,UP0002-BLUS30838_00-CODMW3FREET00003,PS3,PSN,THEME
BLUS30903,Tales of Graces f,COLLECTION,US,,http://zeus.dl.playstation.net/cdn/UP0700/BLUS30903_00/ZoPVigivuUnKnUshgoNRsuiruSzotDYWxeylVRLBazMtRCmZALgqRQgwcJvnqTccUghpoiftalkhRLisiUlyLHVQekspzZeCtBuFK.pkg?product=0084&country=us,UP0700-BLUS30903_00-TOGFCUSTOMTHEME1,PS3,PSN,THEME
BLUS30976,Crysis 3,COLLECTION,US,,http://zeus.dl.playstation.net/cdn/UP0006/BLUS30976_00/lTTiVcqRoyVholUxrlERnIgjPLecbzqYhhlUYTNBvoJbbVNwTqwoeEXyqvmSuALJ.pkg,UP0006-BLUS30976_00-THEMEPS3UX000022,PS3,PSN,THEME
BLUS30997,Dragon Age: Inquisition,COLLECTION,US,,http://zeus.dl.playstation.net/cdn/UP0006/BLUS30997_00/eYrhIqcehbPeoigFyDNGYLrLhewPodpwoMeIbAyiwnJpgpYmLMtHwaLDBihxjYyJ.pkg,UP0006-BLUS30997_00-DA3THEMEPRESTD00,PS3,PSN,THEME
BLUS30999,Castlevania: Lords of Shadow 2,COLLECTION,US,,http://zeus.dl.playstation.net/cdn/UP0101/BLUS30999_00/DXgvBUqSSpGdRGjvHbNiiGbHPdwnqCkBIdhNIEpBImLsoPJDslkTcFPMnmHmcqOW.pkg,UP0101-BLUS30999_00-TCASTLEVAN000001,PS3,PSN,THEME
BLUS31002,Tekken Tag Tournament 2,COLLECTION,US,,http://zeus.dl.playstation.net/cdn/UP0700/BLUS31002_00/YjLFftHRDQwImKzyvcdEMZSXNSHfCnOggVjQyOvgqgQcTTlsqvboalLjWLxqAGTrNWodMDsCzzyuJogwXFdxZCrAxDVrKplYeSNPe.pkg,UP0700-BLUS31002_00-TTT2PJACKTEMPEST,PS3,PSN,THEME
BLUS31011,Call of Duty: Black Ops II,COLLECTION,US,,http://zeus.dl.playstation.net/cdn/UP0002/BLUS31011_00/vJgRhZTEZNvmMMussmgRElCewvwdrJwKjYOGLxTeajZVcazVIiBocvLPqWaWeKtw.pkg,UP0002-BLUS31011_00-CODBO2TURBINE000,PS3,PSN,THEME
BLUS31011,Call of Duty: Black Ops II,COLLECTION,US,,http://zeus.dl.playstation.net/cdn/UP0002/BLUS31011_00/WZpSbeLixilhfrVZqHmIDbfjrXUiyqYUuSSICvBWHdOLZnWWQQmPAMqPCVhKRnXf.pkg,UP0002-BLUS31011_00-CODBO2ZOMBIE0000,PS3,PSN,THEME
BLUS31012,Remember Me,COLLECTION,US,,http://zeus.dl.playstation.net/cdn/UP0102/BLUS31012_00/jgWLNXTsqQDPhbJZzFSKiSZZfcODyoGOJGHeTHtxPYEnNVLMLStZSeCKqCMdJnlo.pkg,UP0102-BLUS31012_00-REMETHEME000MEMO,PS3,PSN,THEME
BLUS31012,Remember Me,COLLECTION,US,,http://zeus.dl.playstation.net/cdn/UP0102/BLUS31012_00/nEnxXRMhuxEZsAIYBTkwphGQXmziKnyClOUnDNgJnvRnelikAzkFWGHjJukUbZnU.pkg,UP0102-BLUS31012_00-REMETHEME000NEOP,PS3,PSN,THEME
BLUS31012,Remember Me,COLLECTION,US,,http://zeus.dl.playstation.net/cdn/UP0102/BLUS31012_00/ZWzCayLdmbrTbzYHNaflkPdtGZOdNlaaghtYzPAngzLIWPUQnEafsOkzLttRkIGQ.pkg,UP0102-BLUS31012_00-REMETHEME00NILIN,PS3,PSN,THEME
BLUS31018,Injustice: Gods Among Us,COLLECTION,US,,http://zeus.dl.playstation.net/cdn/UP1018/BLUS31018_00/JsHnsApcoSnKdHaqDXfzLOaPyZqGMSRJncRbSHqtwjmHYzwlMMolnUTWRVCXxbQc.pkg,UP1018-BLUS31018_00-TINJUSTICE000001,PS3,PSN,THEME
BLUS31020,Lost Planet 3,COLLECTION,US,,http://zeus.dl.playstation.net/cdn/UP0102/BLUS31020_00/LcNzkjGzTjnfhXHhVRYshaZzDAbQOuTKFnCaZeUypUTOGgYkUDmSHYIMpZhQTPZI.pkg,UP0102-BLUS31020_00-LP3PREORDERTHEME,PS3,PSN,THEME
BLUS31025,Tom Clancy's Splinter Cell: Blacklist,COLLECTION,US,,http://zeus.dl.playstation.net/cdn/UP0001/BLUS31025_00/OHKtSGvXKAVuZOhkoRSUHGWjuaPhnaEwTansHXeeyxQsTilMxyPPHTltQORoPZMo.pkg,UP0001-BLUS31025_00-TCSCBLACKLISTPS3,PS3,PSN,THEME
BLUS31040,Fuse,COLLECTION,US,,http://zeus.dl.playstation.net/cdn/UP0006/BLUS31040_00/uuXIrgDbJtJmcBldJhQZrlFqtsprIqXjQHKSbMIsUaqGpqyooOxBOuhMPnMcdEWA.pkg,UP0006-BLUS31040_00-FUSETHEME0000000,PS3,PSN,THEME
BLUS31053,Dead Space 3,COLLECTION,US,,http://zeus.dl.playstation.net/cdn/UP0006/BLUS31053_00/DsKCrgnlbEofiIuznSzWZktpDBDMYEPcoJkEJKIQJqlPaGltyHJLpjLvOkoIhdMx.pkg,UP0006-BLUS31053_00-THEMEPS3UX000021,PS3,PSN,THEME
BLUS31063,Tiger Woods PGA Tour 14,COLLECTION,US,,http://zeus.dl.playstation.net/cdn/UP0006/BLUS31063_00/PoHugaDAaXMsbepCYlAVAegrMSkwaetnSyaeRrfyiFgBvBDYCsGfpeNGVcmtGLnl.pkg,UP0006-BLUS31063_00-TW14PREORDRTHEME,PS3,PSN,THEME
BLUS31150,Hyperdimension Neptunia Victory,COLLECTION,US,,http://zeus.dl.playstation.net/cdn/UP1063/BLUS31150_00/iDqumfcquxYZQYKXszlXeuJGGGgeVlCYQvflHcuyZmOMynfudWpfktOYBffGfiDg.pkg,,PS3,PSN,THEME
BLUS31152,Atelier Ayesha: The Alchemist of Dusk,COLLECTION,US,,http://zeus.dl.playstation.net/cdn/UP4108/BLUS31152_00/VWkEKdMuiGUMhxZQMGMVEbGYvlWZShOyYeigSWwCcChPlOhREbbXSBlRrHWpTYpQ.pkg,UP4108-BLUS31152_00-ATELIERAYESTHEME,PS3,PSN,THEME
BLUS31155,Dragon's Dogma: Dark Arisen,COLLECTION,US,,http://zeus.dl.playstation.net/cdn/UP0102/BLUS31155_00/kKlUGwCaQOfVBaJoUuFfOgaZattguhzBdMuyGMXFcnupSXBgNksUGMJJohqVQwok.pkg,UP0102-BLUS31155_00-DDDA0000PO0THEME,PS3,PSN,THEME
BLUS31162,Battlefield 4,COLLECTION,US,,http://zeus.dl.playstation.net/cdn/UP0006/BLUS31162_00/tVcTWJaNcuMeKhIhHghcHDPkORjRsaRGdsVEztGwUbcTkyzEoblvxsvFeyagOMtC.pkg,UP0006-BLUS31162_00-BF4PREORDERTHEME,PS3,PSN,THEME
BLUS31164,Lightning Returns: Final Fantasy XIII,COLLECTION,US,,http://zeus.dl.playstation.net/cdn/UP0082/BLUS31164_00/SdICDVAVWlnQWqhYHxEprJqertTpAEOyRtdYbxkohsjvJlIREfaCvtfyjocNanbA.pkg,UP0082-BLUS31164_00-TLIGHTNING000001,PS3,PSN,THEME
BLUS31176,Watch Dogs,COLLECTION,US,,http://zeus.dl.playstation.net/cdn/UP0001/BLUS31176_00/EfnvNfRAtaimDKucZhEispNJjQbeCGQeMItIGIwuLLnKFWuZDMsxpTsBHtOvkgdK.pkg,UP0001-BLUS31176_00-WDPREORDERTHEME0,PS3,PSN,THEME
BLUS31181,Destiny,COLLECTION,US,,http://zeus.dl.playstation.net/cdn/UP0002/BLUS31181_00/dUlXetUhlgLsEPwsNUAaAFaLinqHDePJdxAZzBVXxevKQQcgyFRgtlpyQgklHypW.pkg,UP0002-BLUS31181_00-THEMEPS3UX000052,PS3,PSN,THEME
BLUS31188,Diablo III,COLLECTION,US,,http://zeus.dl.playstation.net/cdn/UP0002/BLUS31188_00/GxvxKNOHnuXamriyibIBPVrIlJgSWPnUfbPgtvRlOrXzESEhFESfIxSRrSyBHezf.pkg,UP0002-BLUS31188_00-DIABLO3FALLSTAR1,PS3,PSN,THEME
BLUS31191,South Park: The Stick of Truth,COLLECTION,US,,http://zeus.dl.playstation.net/cdn/UP0001/BLUS31191_00/VqShRZRXybmjHGMIlHiTpDhddqGKhTLnKtmXiLgXOUlrvEKWuhGhdUYExiDJrjvz.pkg,UP0001-BLUS31191_00-SOUTHPARKPOTHEME,PS3,PSN,THEME
BLUS31193,Assassin's Creed IV: Black Flag,COLLECTION,US,,http://zeus.dl.playstation.net/cdn/UP0001/BLUS31193_00/IdFdZOYsYSaTyATatyrgpjFVnBionUQEempyQddzWoBpbAXoYNgRKfjoXAJHSfoc.pkg,UP0001-BLUS31193_00-AC4PREORDERTHEME,PS3,PSN,THEME
BLUS31212,Kingdom Hearts: HD 1.5 ReMIX,COLLECTION,US,,http://zeus.dl.playstation.net/cdn/UP0082/BLUS31212_00/xsYQphzwQQfesTlQiPnAUJwRzMEgtJuXiMKOyOxsxYddKhJBcdzAHuYetJjkAGfs.pkg,UP0082-BLUS31212_00-KHHD15REMIXTHEME,PS3,PSN,THEME
BLUS31218,Ultra Street Fighter IV,COLLECTION,US,,http://zeus.dl.playstation.net/cdn/UP0102/BLUS31218_00/YIRKHCxWHrvmUhMaeEYcjFaExHCKjeiSBcFEqOlpNgzeUQACdkaTFbkOqIHwtwcx.pkg,UP0102-BLUS31218_00-USF4THEME0000001,PS3,PSN,THEME
BLUS31270,Call of Duty: Ghosts,COLLECTION,US,,http://zeus.dl.playstation.net/cdn/UP0002/BLUS31270_00/fARpThgOBqbRkvJtMFldzXVCnHzQUTUpeQnCHlZHRSMqQSCOgnGZYovyYGYDCDwl.pkg,UP0002-BLUS31270_00-GHOSTSNOMNLNDTHM,PS3,PSN,THEME
BLUS31270,Call of Duty: Ghosts,COLLECTION,US,,http://zeus.dl.playstation.net/cdn/UP0002/BLUS31270_00/jROgeRmufWSjfRyRmawSjEUiJsvqytmbXYlsgcavMTRGhjwXWhIOjDFOsqvFlqmK.pkg?product=0084&country=us&downloadId=8e2072fb&q=4b3307a2288cb52a49a5a7d1908ae8cdbb76fd4465275dd4baba74d4ebbcb11c&serverIpAddr=96.17.202.33&downloadType=fs,UP0002-BLUS31270_00-GHOSTSONSLGHTTHM,PS3,PSN,THEME
BLUS31324,Transformers: Rise of the Dark Spark,COLLECTION,US,,http://zeus.dl.playstation.net/cdn/UP0002/BLUS31324_00/ZfNDSSoQiXfSrHPTUUxpMTKJBNbdYtZSNfPFlsaVuoPNStONQzmoxoymDQbXEyGy.pkg,UP0002-BLUS31324_00-TRANSFRMRPREOTHM,PS3,PSN,THEME
BLUS31437,Diablo III: Reaper of Souls: Ultimate Evil Edition,COLLECTION,US,,http://zeus.dl.playstation.net/cdn/UP0002/BLUS31437_00/nfPQPrGFkCornKjORzRKNBpuDYHIZYhCmjIqKNMZefJmbAisorxbAKJNSeZRKaYniqAupUIalCklPgCnchVRiFVtrTwYeuzppTZSF.pkg,UP0002-BLUS31437_00-THEMEPS3UX000104,PS3,PSN,THEME
BLUS31440,Battlefield Hardline,COLLECTION,US,,http://zeus.dl.playstation.net/cdn/UP0006/BLUS31440_00/PLZsFwFTcRSNTDkVmuZUJQNbQLAOrbZTbHYyAMagNmHbABIVIoJGCLsBgOwHATip.pkg,UP0006-BLUS31440_00-BFHPS3PRETHEME00,PS3,PSN,THEME
BLUS31445,Borderlands: The Pre-Sequel,COLLECTION,US,,http://zeus.dl.playstation.net/cdn/UP1001/BLUS31445_00/ADQxKHJVZxVyeDbsLuGaDvyRtmGDGcLIFkPqEfpuXGPkAibnDgOlZQbcpNHVYewd.pkg,UP1001-BLUS31445_00-BLTPSTHEMEPREORD,PS3,PSN,THEME
BLUS31464,WWE 2K15,COLLECTION,US,,http://zeus.dl.playstation.net/cdn/UP1001/BLUS31464_00/IRRlvTJLHrVSFFuNLgJRQeWyNDeYDLoGFYxrZFWhSPkjkwowxjIqIeIvPdDPIIat.pkg,UP1001-BLUS31464_00-WWE2K15THMEPREOR,PS3,PSN,THEME
BLUS31465,Assassin's Creed: Rogue,COLLECTION,US,,http://zeus.dl.playstation.net/cdn/UP0001/BLUS31465_00/tueBTWBMMcAdSwCozPuTCaVHtkVRCSySHBHbRMDgqUMvgngGenuMMnaCqIgfIoDd.pkg,UP0001-BLUS31465_00-ACROGUEPS3THEME1,PS3,PSN,THEME
BLUS31518,LEGO Jurassic World,COLLECTION,US,,http://zeus.dl.playstation.net/cdn/UP1018/BLUS31518_00/UP1018-BLUS31518_00-THEMEPS3UX000121_bg_1_dbe288dbf8a4e1e81528c9d0759a3d08de8abd4c.pkg,UP1018-BLUS31518_00-THEMEPS3UX000121,PS3,PSN,THEME
BLUS31540,NHL Legacy Edition,COLLECTION,US,,http://zeus.dl.playstation.net/cdn/UP0006/BLUS31540_00/UP0006-BLUS31540_00-NHL16THEME000000_bg_1_17a382d4c8647da773f5240c399086a31a133e6a.pkg,UP0006-BLUS31540_00-NHL16THEME000000,PS3,PSN,THEME
BLUS31543,FIFA 16,COLLECTION,US,,http://zeus.dl.playstation.net/cdn/UP0006/BLUS31543_00/UP0006-BLUS31543_00-FIFA16THEME00000_bg_1_ac93105004fe8c0d1277c914afd5fb436dd5c506.pkg,UP0006-BLUS31543_00-FIFA16THEME00000,PS3,PSN,THEME
BLUS31550,LEGO Marvel Avengers,COLLECTION,US,,http://zeus.dl.playstation.net/cdn/UP1018/BLUS31550_00/UP1018-BLUS31550_00-THEMEPS3UX000136_bg_1_5660d10e6ae3fac27d863187a379aa78a0b57a8d.pkg,,PS3,PSN,THEME
BLUS31550,LEGO Marvel Avengers,COLLECTION,US,,http://zeus.dl.playstation.net/cdn/UP1018/BLUS31550_00/UP1018-BLUS31550_00-THEMEPS3UX000137_bg_1_71615ebec59ab7b4b3681b2de43bca193953d146.pkg,,PS3,PSN,THEME
BLUS31569,King's Quest,COLLECTION,US,,http://zeus.dl.playstation.net/cdn/UP0002/BLUS31569_00/UP0002-BLUS31569_00-KINGSQUESTTHEME1_bg_1_941666a40da5a4e0f09302b1f38a440e1372d288.pkg,UP0002-BLUS31569_00-KINGSQUESTTHEME1,PS3,PSN,THEME
BLUS31578,LEGO Star Wars: The Force Awakens,COLLECTION,US,,http://zeus.dl.playstation.net/cdn/UP1018/BLUS31578_00/UP1018-BLUS31578_00-BB8THEMEPS300000_bg_1_b35986782ada248e7a6e77d19c5b9bcf015c4c8d.pkg,,PS3,PSN,THEME
BLUS31578,LEGO Star Wars: The Force Awakens,COLLECTION,US,,http://zeus.dl.playstation.net/cdn/UP1018/BLUS31578_00/UP1018-BLUS31578_00-OFFICIALTHEMEPS3_bg_1_4495e51853bf57ba57aadc06d6b37c96ca361038.pkg,,PS3,PSN,THEME
BLUS31578,LEGO Star Wars: The Force Awakens,COLLECTION,US,,http://zeus.dl.playstation.net/cdn/UP1018/BLUS31578_00/UP1018-BLUS31578_00-THEMEPS3UX000152_bg_1_1f7a1bf64dcd9c893cf8ae1149caa8e3f67e7572.pkg,UP1018-BLUS31578_00-THEMEPS3UX000152,PS3,PSN,THEME
BLUS41044,The Amazing Spider-Man 2,COLLECTION,US,,http://zeus.dl.playstation.net/cdn/UP0002/BLUS41044_00/VeljVfCXMrudzPuptiRSZmZdLOvgIQxdYtatlfAcperPCZRFIuExITMhIXzGdMzo.pkg,UP0002-BLUS41044_00-AMAZNGSPIDETHEME,PS3,PSN,THEME
BLUS41045,Dark Souls II,COLLECTION,US,,http://zeus.dl.playstation.net/cdn/UP0700/BLUS41045_00/MhOyYCzwusYxSWtGVVSkIsKTXGyRQQOAKFBhEZZidJwZdHAJTlNAnArDAziEAtTX.pkg,UP0700-BLUS41045_00-DARKSOULSIIDT001,PS3,PSN,THEME
NPEA00258,Mubi,COLLECTION,EU,,http://zeus.dl.playstation.net/cdn/EP4164/NPEA00258_00/ceF3AvEJty70Gq8rCmNx43mLJ8jWhYLx9nS1lAoNKiuKVejNjR4oYctJsNyoENS8.pkg,EP4164-NPEA00258_00-TMUBIDYNAMIC0001,PS3,PSN,THEME
NPHB00522,E.X. Troopers,COLLECTION,HK,,http://zeus.dl.playstation.net/cdn/HP0102/NPHB00522_00/ohxWVyMjXDXFteqFRpnJwsnZtkDqjvbFADBbXIqGAhgAdJXYMoWISrUIueZvHURJqBRrzrsqWpamhqckiMNcsuYBblhHTIVlGycYW.pkg,,PS3,PSN,THEME
NPHB00542,Mobile Suit Gundam: Battle Operations,COLLECTION,HK,,http://zeus.dl.playstation.net/cdn/HP0700/NPHB00542_00/HP0700-NPHB00542_00-CT0000000000001A_bg_1_e0827f1b46d2b4afc7522abe3b9d0f24968739fb.pkg,HP0700-NPHB00542_00-CT0000000000001A,PS3,PSN,THEME
NPHW00013,Hakuna Matata Theme,COLLECTION,HK,,http://zeus.dl.playstation.net/cdn/HP9000/NPHW00013_00/hPwSIu23TjrVFGyILxHje3QK9Djd3Khqy6RAW46VwCcRltRVmmh2bg5pkxiF0NBqnYXpjFDPxGQMHnXeN2XW57gvK9kHt0gnC0tBB.pkg,,PS3,PSN,THEME
NPIA09008,Video Unlimited,COLLECTION,ALL,,http://zeus.dl.playstation.net/cdn/IP9100/NPIA09008_00/laHifCkpMnsDEiFoliBUmdhOmzlJzpVTUTtcPzFrSLgCSwLcjFqOYgqSddagErnQpTAvOrwkZTrQOffWyIDzOSbNCZLrBXIXipKVO.pkg,IP9100-NPIA09008_00-SUNRISESTHEME001,PS3,PSN,THEME
NPJB00176,Zombie Driver HD,COLLECTION,JP,,http://zeus.dl.playstation.net/cdn/JP0287/NPJB00176_00/MveZLOGnWIEAKkoryQbHEJjtOyXeDghyGbZKsHHgMYdaGhJzusLBqxtTRmYjEpgkIDmIJjyiLeMbfpPtkYWArdBHpJHunjazQLoGr.pkg,JP0287-NPJB00176_00-THEMEZDHD0000001,PS3,PSN,THEME
NPJB00176,Zombie Driver HD,COLLECTION,JP,,http://zeus.dl.playstation.net/cdn/JP0287/NPJB00176_00/ujzTfeEMFBQJfMEZGmbbZKwTezjfiEKjjHIVhMcNKWxueWswHyAauovyrBbXXKFoYQjAWhluIQiUVuYhQWaYGmMuhVEKFuPqIHVBn.pkg,JP0287-NPJB00176_00-THEMEZDHD0000002,PS3,PSN,THEME
NPJB00178,Mobile Suit Gundam - Battle Operation,COLLECTION,JP,,http://zeus.dl.playstation.net/cdn/JP0700/NPJB00178_00/YoTqxTIPfDCuwaLHhYUhJYQvTOpwFpcMWBdFIGsNzVyshXoJFJenPTquuvODXoLaIdhYDFklyRuAXmTBgPlUzZFhaniqDHZSOuSQr.pkg,JP0700-NPJB00178_00-CT0000000000001A,PS3,PSN,THEME
NPJB00178,Mobile Suit Gundam - Battle Operation,COLLECTION,JP,,http://zeus.dl.playstation.net/cdn/JP0700/NPJB00178_00/yOiIMHidtkfVkXNeYKBlmHZcmuSeWNltZwHMVkdTvhMyGiXnjcMovWGQBZxGvynwJxzGSxPBRWxNHVfRRbcRMSofjIeXazLjudaOK.pkg,JP0700-NPJB00178_00-CT0000000000002A,PS3,PSN,THEME
NPJB00178,Mobile Suit Gundam - Battle Operation,COLLECTION,JP,,http://zeus.dl.playstation.net/cdn/JP0700/NPJB00178_00/JP0700-NPJB00178_00-CT0000000000003A_bg_1_8082089e2546da0072fb2959d3b66fbf0fcfd9c6.pkg,JP0700-NPJB00178_00-CT0000000000003A,PS3,PSN,THEME
NPJB00178,Mobile Suit Gundam - Battle Operation,COLLECTION,JP,,http://zeus.dl.playstation.net/cdn/JP0700/NPJB00178_00/JP0700-NPJB00178_00-CT0000000000004A_bg_1_7824b6f482ec5c6f50e58e8b1029cf24c1c5c158.pkg,JP0700-NPJB00178_00-CT0000000000004A,PS3,PSN,THEME
NPJB00179,Moe Moe Daisensou * Gendaiban++,COLLECTION,JP,,http://zeus.dl.playstation.net/cdn/JP0393/NPJB00179_00/FoVpgRoYYPAaDmbtmuySqyYmhFXNOZtEqCeWASiFFSRQwBPoJuPwyoqjOZZSYWdjOmfVIViVemNInPSmMHbpcOLiFBWEvlHRQhySd.pkg,,PS3,PSN,THEME
NPJB00181,Red Johnson's Chronicles カスタムテーマ,COLLECTION,JP,,http://zeus.dl.playstation.net/cdn/JP0101/NPJB00181_00/uZQCjkvYYcdvjgzjPshMdyjCQhwqKsHghjMLWxYtLJOdHYexFFvddiykzqMUtFXzyUcCLbpFQLJYMYdHGoeVhZrEfAmLUXGVHhZdM.pkg,JP0101-NPJB00181_00-RJCTHEME00000001,PS3,PSN,THEME
NPJB00195,Ookami: Zekkeiban,COLLECTION,JP,,http://zeus.dl.playstation.net/cdn/JP0102/NPJB00195_00/dpWoHBYISkxouhUwVNdYQUlOoAYjWdqlEkIHGgkRgivxyLPPQOJfYhEwljZDRtYNQnfxtTHWqNQfZPuiphVDPANLbGcywEXOpeGZe.pkg,,PS3,PSN,THEME
NPJB00195,Ookami: Zekkeiban,COLLECTION,JP,,http://zeus.dl.playstation.net/cdn/JP0102/NPJB00195_00/rqYSSwVzBNpGFoRkUcGTSXWvfNRdJxAVOMGxzCzyjRuUejpRLVBDaYixAptcXDWhQyjIHLobeisMNduwKYBJfbxzHvsUQDxryqDfx.pkg,JP0102-NPJB00195_00-THEMEOKAMI000002,PS3,PSN,THEME
NPJB00235,エクストルーパーズ,COLLECTION,JP,,http://zeus.dl.playstation.net/cdn/JP0102/NPJB00235_00/WxohTwLAdsjcEcNqNHPDVhvDCeLeWAdsiEKwqCFSzwQGrRjrWbwIUQOGmjwujmOCeRohjjimBGsUfjvvNKVFnURtSRCgsdYjRzaeM.pkg,,PS3,PSN,THEME
NPJB00281,Metal Gear Rising: Revengeance,COLLECTION,JP,,http://zeus.dl.playstation.net/cdn/JP0101/NPJB00281_00/XRRXjATyODHvJUxThjHrCfvEbaqgsvJAFBNXTwjJZLANUeVoEhHmMVevLfecQmiUxiQduqvXYrLZQpUUyCQakWHqDpfBhWeogTFfz.pkg,JP0101-NPJB00281_00-CUSTOMTHEME00000,PS3,PSN,THEME
NPJB00301,モンスターハンター フロンティアＺ /MHF-Z,COLLECTION,JP,,http://zeus.dl.playstation.net/cdn/JP0102/NPJB00301_00/akEgGNFFlXFnQwyCdxOKKCyIhxjsfwEcLCziAKrdJZuZNTvDEqPCoocZpPUJFBCVeroEYvUmUvWsYlPOjmhqTkFyCGgniaQuTSZXa.pkg,JP0102-NPJB00301_00-MHFGTHEME0000001,PS3,PSN,THEME
NPJB00301,モンスターハンター フロンティアＺ /MHF-Z,COLLECTION,JP,,http://zeus.dl.playstation.net/cdn/JP0102/NPJB00301_00/JP0102-NPJB00301_00-MHFZTHEME0000001_bg_1_c2bb3dfedabbd7edd7738d4af197424eb4114530.pkg,JP0102-NPJB00301_00-MHFZTHEME0000001,PS3,PSN,THEME
NPJB00331,JoJo's Bizarre Adventure: All Star Battle,COLLECTION,JP,,http://zeus.dl.playstation.net/cdn/JP0700/NPJB00331_00/XySBAxZnIRfZMbSrwleYkyWvWmIqTaPOmJWwQanJRzAHTukJgrrFqTYaqlCbCbIcFwZPtELZxNtTBKIGQbsOueYDUgqytrdIcqIgD.pkg,JP0700-NPJB00331_00-JOJOASBLETHEME01,PS3,PSN,THEME
NPJB00385,スーパーロボット大戦OGサーガ 魔装機神Ⅲ ＰＲＩＤＥ ＯＦ ＪＵＳＴＩＣＥ,COLLECTION,JP,,http://zeus.dl.playstation.net/cdn/JP0700/NPJB00385_00/nwmEMHNtXsHylpEwLMRdEdDGtNFxUlsQVIwytrhiUTKbVFLPWZLgIDRioKxffiUpSZIQUtbLzAypYMHTRrcjslAClXnUjnmMvsPuq.pkg,JP0700-NPJB00385_00-CUSTOMTHEME00001,PS3,PSN,THEME
NPJB00385,スーパーロボット大戦OGサーガ 魔装機神Ⅲ ＰＲＩＤＥ ＯＦ ＪＵＳＴＩＣＥ,COLLECTION,JP,,http://zeus.dl.playstation.net/cdn/JP0700/NPJB00385_00/GUEbjrtMYHXfkauXarVLZvYCEurrLRXleiwOEsqcRLIeJeuJMfKYxevuedyrmUtwFxYvHlequjyfCrqFNKEaSrrXCaRrbIXMmfKzk.pkg,JP0700-NPJB00385_00-CUSTOMTHEME00002,PS3,PSN,THEME
NPJB00435,初音ミク -Project DIVA- F 2nd,COLLECTION,JP,,http://zeus.dl.playstation.net/cdn/JP0177/NPJB00435_00/txYZtrJiyNanMNJnKElwTrWrdNvvLnjfPlblOSxpxsMXeFaCZDZFCYWOnphbGtkvtWCOGbEZpYknmAhbHQcauZEqRYqAGGXwNGMzq.pkg,JP0177-NPJB00435_00-PJDF2THEME000001,PS3,PSN,THEME
NPJB00453,Final Fantasy XIV Online: A Realm Reborn,COLLECTION,JP,,http://zeus.dl.playstation.net/cdn/JP0082/NPJB00453_00/iBTWzjIkdXgctUppCBvTbrnMOYiWCDWAfDKNNWhbBYkPUuqWkuXcyHUaiNdYEWrssPAlQXPBgZQujwNGWzHLkZvUPjdrrEqyPDnun.pkg,JP0082-NPJB00453_00-FFXIVARRTHEME003,PS3,PSN,THEME
NPJB00453,Final Fantasy XIV Online: A Realm Reborn,COLLECTION,JP,,http://zeus.dl.playstation.net/cdn/JP0082/NPJB00453_00/JP0082-NPJB00453_00-FFXIVEX1THEME002_bg_1_5ff241b130576dfbaa6f6499cac4192690c8ee1a.pkg,JP0082-NPJB00453_00-FFXIVEX1THEME002,PS3,PSN,THEME
NPJB00486,アイマス チャンネル,COLLECTION,JP,,http://zeus.dl.playstation.net/cdn/JP0700/NPJB00486_00/xJutDAXEGjjVAuvrrgLtbyHMYTOFyFxIYKGKWZDcZZurrrIexpwGpNNpuQEgzuMaPWAlvWDJofFSSnwNZQGwGADWSqYdBOanMAjhh.pkg,JP0700-NPJB00486_00-IMASCHANTHEME000,PS3,PSN,THEME
NPJB00486,アイマス チャンネル,COLLECTION,JP,,http://zeus.dl.playstation.net/cdn/JP0700/NPJB00486_00/fGeWUGqoNGOaTwjEfSdUUnuBZSTcvyvBGssOAfQadyfcDodOQSfZnFhgEaLfPEBCPXpvzoriHzCtFVuxLJHZIPdYOJpsplgFGPOFk.pkg,JP0700-NPJB00486_00-IMASG4UTHEME0001,PS3,PSN,THEME
NPJB00486,アイマス チャンネル,COLLECTION,JP,,http://zeus.dl.playstation.net/cdn/JP0700/NPJB00486_00/UDZdiXeHgDRoaptgMXJxCwHUKRpyGMquKUxgiNoGfHmjohDMtcZBXtnhnvUKiznZETDfBzqSklvxXtHuhreJmzfSVAVzhJuOFEWem.pkg,JP0700-NPJB00486_00-IMASG4UTHEME0002,PS3,PSN,THEME
NPJB00486,アイマス チャンネル,COLLECTION,JP,,http://zeus.dl.playstation.net/cdn/JP0700/NPJB00486_00/AptwlNEBKQxPKONyTTgewRVsPFQfVLKxAWvIGReDlgsRyylXRZtVQlDNIgXDGIyXIgkCyreyuFZxJvkHcxTKtBJrGWGQtfwIhRTcj.pkg,JP0700-NPJB00486_00-IMASG4UTHEME0004,PS3,PSN,THEME
NPJB00486,アイマス チャンネル,COLLECTION,JP,,http://zeus.dl.playstation.net/cdn/JP0700/NPJB00486_00/bYxKaeCGOGVcNullvVLPFXErNqZcrSmDRbpCVoasdDTwUudnzunMKOpvYVteddFfqCpixJSOLkkVBEuUhPJTmLvWsdIvLwEFYSzuY.pkg,JP0700-NPJB00486_00-IMASG4UTHEME0006,PS3,PSN,THEME
NPJB00486,アイマス チャンネル,COLLECTION,JP,,http://zeus.dl.playstation.net/cdn/JP0700/NPJB00486_00/KnmwwTMtYYnaFjvOazXTxohgEkMTyKyiIlOsBvIjNcjdsnuoVqCWFbqvLsyKGsrMiOrwyivqKnaDaIMjFareCTThWNUdYwUBMoXrI.pkg,JP0700-NPJB00486_00-IMASG4UTHEME0007,PS3,PSN,THEME
NPJB00486,アイマス チャンネル,COLLECTION,JP,,http://zeus.dl.playstation.net/cdn/JP0700/NPJB00486_00/whdcXPBnfgsQwqSDgWGZHzTxzEEhJJnHnHfJaimrjsRQElNjHOGYnchXGOJrTWkSyrFRIJKFdpQrpteWJuPPnldDAoFWGLGNazFaC.pkg,JP0700-NPJB00486_00-IMASG4UTHEME0008,PS3,PSN,THEME
NPJB00486,アイマス チャンネル,COLLECTION,JP,,http://zeus.dl.playstation.net/cdn/JP0700/NPJB00486_00/yjriOcFtZzIMufVxbEDzpQnxNcdchFnfYsLzbhldFhTuseMBkQERxmUPsOYCdrmMkFzSAfNusBGKcxGnTRNbGPZCZPKVmnckWhBcS.pkg,JP0700-NPJB00486_00-IMASSFTVTHEME001,PS3,PSN,THEME
NPJB00486,アイマス チャンネル,COLLECTION,JP,,http://zeus.dl.playstation.net/cdn/JP0700/NPJB00486_00/PWdeOXvWDdSJakHTamxOFRRoDDOSJbtxMEaGgLIhphTcduxDbqOzdFalKXViFxNyeMTppHhqnfREITRCFqJkdmsfpVHLQSpTMfyqw.pkg,JP0700-NPJB00486_00-IMASSFTVTHEME002,PS3,PSN,THEME
NPJB00486,アイマス チャンネル,COLLECTION,JP,,http://zeus.dl.playstation.net/cdn/JP0700/NPJB00486_00/opqPrQBNKfHXiyLNJlgofoLDjpNfEeGRiQHlJBUCbcuDYTcGfqOGcSdcbUemwRLROYfQhYlDGdUfplAcECGadZTAyJtSXTALntwsG.pkg,JP0700-NPJB00486_00-IMASSFTVTHEME003,PS3,PSN,THEME
NPJB00486,アイマス チャンネル,COLLECTION,JP,,http://zeus.dl.playstation.net/cdn/JP0700/NPJB00486_00/yoZgxydbANKBnmTenxoTWbtlqlqdFpyirBUVZcVgrQeyJpAhPMBTslajdSvUwjKQwGpFWUDoekigDRvTwlJOWzPBFvOGZwTLfYnXO.pkg,JP0700-NPJB00486_00-IMASSFTVTHEME004,PS3,PSN,THEME
NPJB00486,アイマス チャンネル,COLLECTION,JP,,http://zeus.dl.playstation.net/cdn/JP0700/NPJB00486_00/VzQAKehxucnlgodaFPjnunGUYefmMShyWkethvhEDsWEubTuwlvryRUhZhtnQBSzHaUiPyHbjPtUYgrmYodNycpRoZTGoBmMbQlVf.pkg,JP0700-NPJB00486_00-IMASSFTVTHEME005,PS3,PSN,THEME
NPJB00486,アイマス チャンネル,COLLECTION,JP,,http://zeus.dl.playstation.net/cdn/JP0700/NPJB00486_00/KtnojbJvgqkQUJvcOxbwyzYVeQRuHmensRXbsstPNjqPesQwKdTvAcEKGVMOYtgOZIqGYERIpgiNcayXqbemKGTGCkmywnQAljfsc.pkg,JP0700-NPJB00486_00-IMASSFTVTHEME006,PS3,PSN,THEME
NPJB00486,アイマス チャンネル,COLLECTION,JP,,http://zeus.dl.playstation.net/cdn/JP0700/NPJB00486_00/qTFXhGWcoLaMkQrUbktlcNywBGYUeuiSNzozJrqNHthONHvMEuZYXaeqdSnfEiWIIoJKNYFatXNeIuiYgODmFhtANYWUHSvdQRvPt.pkg,JP0700-NPJB00486_00-IMASSFTVTHEME007,PS3,PSN,THEME
NPJB00486,アイマス チャンネル,COLLECTION,JP,,http://zeus.dl.playstation.net/cdn/JP0700/NPJB00486_00/VtRHoQrGTVribDmUPMZwxhceydBrdORQDsQXGOKTEadjZBJxsliGEXlpBCBTbuFPhDUOSSVPSRgplYLmSnpPRDzsIaxCwiOlajeQO.pkg,JP0700-NPJB00486_00-IMASSFTVTHEME008,PS3,PSN,THEME
NPJB00486,アイマス チャンネル,COLLECTION,JP,,http://zeus.dl.playstation.net/cdn/JP0700/NPJB00486_00/ljUbZcoWldJQhHTuREyBGsyxfkBjvvYXVqqNOfhcsOKAtBbokjTCRbjFRemrEbmJQxzKgCmiAfCODjlfYcJkXmxnoOhkxhOStOrVs.pkg,JP0700-NPJB00486_00-IMASSFTVTHEME009,PS3,PSN,THEME
NPJB00486,アイマス チャンネル,COLLECTION,JP,,http://zeus.dl.playstation.net/cdn/JP0700/NPJB00486_00/kqwcSlgFpQlNbDLikajlkBWudYdYRMMQaMmvqWKPoLRHCZEOPBZgBgYILwURBTKZcAdfQbwOHpspuKnTbaDoEHqFiXspauYdzXvuV.pkg,JP0700-NPJB00486_00-IMASSFTVTHEME010,PS3,PSN,THEME
NPJB00486,アイマス チャンネル,COLLECTION,JP,,http://zeus.dl.playstation.net/cdn/JP0700/NPJB00486_00/fUjoDdIZrQbTixwWHHrgeigXmKQnGGBrERyojsXkQpBIZWyLsjZfDZkOjJaCIrMhMSIVkWohToLMYOxoxTgDwEoKuYYJcDBcRwXJF.pkg,JP0700-NPJB00486_00-IMASSFTVTHEME011,PS3,PSN,THEME
NPJB00486,アイマス チャンネル,COLLECTION,JP,,http://zeus.dl.playstation.net/cdn/JP0700/NPJB00486_00/myXXkDiwortkybFypTlhGVJWUNtTaaxGNMLYoessKFvlEFfvyilDrhbVCarDfUZwfiqkWLCYrdfOnMcUyYdnuNvkpMWGFDnfzILpw.pkg,JP0700-NPJB00486_00-IMASSFTVTHEME012,PS3,PSN,THEME
NPJB00573,アルノサージュ ～生まれいずる星へ祈る詩～,COLLECTION,JP,,http://zeus.dl.playstation.net/cdn/JP0103/NPJB00573_00/KwiPrMLHcfjczONyrxakAtmJCmbAXnySSYXvesRAmFYvUqkAfqOJjZKDRmqdPwKQwvXajvGwrYmtkdIsaLuwvBwaTFvRAFMmfoNJs.pkg,JP0103-NPJB00573_00-INIDYCUSTOMTHEME,PS3,PSN,THEME
NPJB00609,ブラッドレイン 深紅の叛逆者 体験版,COLLECTION,JP,,http://zeus.dl.playstation.net/cdn/JP0036/NPJB00609_00/ossFFgBnqQBAvdHMfqocLVLLmIlCFSkDQzDHIFQrLKSjsenASJpfteqJUrMqPhqIctktxFjQErDnBpICRHNCkyshYNqnzGdgliBGM.pkg,JP0036-NPJB00609_00-BLOODRAYNETHEME0,PS3,PSN,THEME
NPJB00671,ドラゴンボール ゼノバース Welcome Price!!,COLLECTION,JP,,http://zeus.dl.playstation.net/cdn/JP0700/NPJB00671_00/JP0700-NPJB00671_00-DBXVTHEME0000002_bg_1_470ee84ae1aa801645a31330487bf238ee13d35c.pkg,JP0700-NPJB00671_00-DBXVTHEME0000002,PS3,PSN,THEME
NPJB00671,ドラゴンボール ゼノバース Welcome Price!!,COLLECTION,JP,,http://zeus.dl.playstation.net/cdn/JP0700/NPJB00671_00/JP0700-NPJB00671_00-DBXVTHEME0000007_bg_1_07eafda90dc4970121cd51ce58d7909459a06116.pkg,JP0700-NPJB00671_00-DBXVTHEME0000007,PS3,PSN,THEME
NPJB00671,ドラゴンボール ゼノバース Welcome Price!!,COLLECTION,JP,,http://zeus.dl.playstation.net/cdn/JP0700/NPJB00671_00/JP0700-NPJB00671_00-DBXVTHEME0000009_bg_1_f687032786c26a46d93f7460026c8324d28c6aea.pkg,JP0700-NPJB00671_00-DBXVTHEME0000009,PS3,PSN,THEME
NPJB00685,憂世ノ志士,COLLECTION,JP,,http://zeus.dl.playstation.net/cdn/JP0365/NPJB00685_00/JP0365-NPJB00685_00-CUSTOMTHEME00000_bg_1_7d8aef2097b5ec678f6f820f488ee12fe15023a0.pkg,JP0365-NPJB00685_00-CUSTOMTHEME00000,PS3,PSN,THEME
NPJB00699,ひぐらしのなく頃に粋(PS3版),COLLECTION,JP,,http://zeus.dl.playstation.net/cdn/JP0394/NPJB00699_00/JP0394-NPJB00699_00-THEME00000000002_bg_1_72ba45a7aacd06c3771da89d028fe4db7a44c9f1.pkg,JP0394-NPJB00699_00-THEME00000000002,PS3,PSN,THEME
NPJB00709,ソードアート・オンライン －ロスト・ソング－ Welcome Price!!,COLLECTION,JP,,http://zeus.dl.playstation.net/cdn/JP0700/NPJB00709_00/JP0700-NPJB00709_00-GEXSAOTHEME00000_bg_1_f851ce36bc9a4c22c4083ca8784a6901905b07fe.pkg,JP0700-NPJB00709_00-GEXSAOTHEME00000,PS3,PSN,THEME
NPJB00716,コーエーテクモ the Best よるのないくに,COLLECTION,JP,,http://zeus.dl.playstation.net/cdn/JP0106/NPJB00716_00/JP0106-NPJB00716_00-DARKTHEPSPLUS000_bg_1_0a0980b31284dd6c9cc7455f39089e9283f44129.pkg,,PS3,PSN,THEME
NPJB00749,ガンダムバトルオペレーションＮＥＸＴ　カスタムテーマ02,COLLECTION,JP,,http://zeus.dl.playstation.net/cdn/JP0700/NPJB00749_00/JP0700-NPJB00749_00-GBONTHEME0100000_bg_1_ee47e9dd7a34c9decccb1cc8a77f8ce4c9af212a.pkg,JP0700-NPJB00749_00-GBONTHEME0100000,PS3,PSN,THEME
NPJB00749,ガンダムバトルオペレーションＮＥＸＴ　カスタムテーマ02,COLLECTION,JP,,http://zeus.dl.playstation.net/cdn/JP0700/NPJB00749_00/JP0700-NPJB00749_00-GBONTHEME0200000_bg_1_6a70071583489afb6df06604ccabef9e62bdc822.pkg,JP0700-NPJB00749_00-GBONTHEME0200000,PS3,PSN,THEME
NPJB00764,Atelier Sophie: The Alchemist of the Mysterious Book,COLLECTION,JP,,http://zeus.dl.playstation.net/cdn/JP0106/NPJB00764_00/JP0106-NPJB00764_00-SOPHIETHEPSPLUS0_bg_1_702a0810683033e7b14d454108879ebe76c02319.pkg,,PS3,PSN,THEME
NPJB00769,Persona 5,COLLECTION,JP,,http://zeus.dl.playstation.net/cdn/JP0005/NPJB00769_00/JP0005-NPJB00769_00-PS3THEME00000017_bg_1_87a97b660833b74dfbbc5098ee8432778d80cc66.pkg,JP0005-NPJB00769_00-PS3THEME00000017,PS3,PSN,THEME
NPJB00796,テイルズ オブ ベルセリア Welcome Price!!(PS3版),COLLECTION,JP,,http://zeus.dl.playstation.net/cdn/JP0700/NPJB00796_00/JP0700-NPJB00796_00-PS3TOBTHM0000000_bg_1_754ff95b54e825aba511d2a12910f4077e836845.pkg,JP0700-NPJB00796_00-PS3TOBTHM0000000,PS3,PSN,THEME
NPJB00796,テイルズ オブ ベルセリア Welcome Price!!(PS3版),COLLECTION,JP,,http://zeus.dl.playstation.net/cdn/JP0700/NPJB00796_00/JP0700-NPJB00796_00-PS3TOBTHM0000001_bg_1_d6382a0152fafe839812f4fecbbafe41d5e486cb.pkg,JP0700-NPJB00796_00-PS3TOBTHM0000001,PS3,PSN,THEME
NPJB00796,テイルズ オブ ベルセリア Welcome Price!!(PS3版),COLLECTION,JP,,http://zeus.dl.playstation.net/cdn/JP0700/NPJB00796_00/JP0700-NPJB00796_00-PS3TOBTHM0000002_bg_1_2b19e263a0c46dee8c4acbf7168444a6540a6dab.pkg,JP0700-NPJB00796_00-PS3TOBTHM0000002,PS3,PSN,THEME
NPJB00796,テイルズ オブ ベルセリア Welcome Price!!(PS3版),COLLECTION,JP,,http://zeus.dl.playstation.net/cdn/JP0700/NPJB00796_00/JP0700-NPJB00796_00-PS3TOBTHM0000003_bg_1_3f02abb64f6a111f1327c9a584af1c2cfa4f3e24.pkg,JP0700-NPJB00796_00-PS3TOBTHM0000003,PS3,PSN,THEME
NPJB00796,テイルズ オブ ベルセリア Welcome Price!!(PS3版),COLLECTION,JP,,http://zeus.dl.playstation.net/cdn/JP0700/NPJB00796_00/JP0700-NPJB00796_00-PS3TOBTHM0000004_bg_1_47936fe5992a4c2ea1381efa93741d1b3978bb1f.pkg,JP0700-NPJB00796_00-PS3TOBTHM0000004,PS3,PSN,THEME
NPJB00796,テイルズ オブ ベルセリア Welcome Price!!(PS3版),COLLECTION,JP,,http://zeus.dl.playstation.net/cdn/JP0700/NPJB00796_00/JP0700-NPJB00796_00-PS3TOBTHM0000005_bg_1_c483d2f9efcd42f344bc237783fc0462155fa992.pkg,JP0700-NPJB00796_00-PS3TOBTHM0000005,PS3,PSN,THEME
NPJB00796,テイルズ オブ ベルセリア Welcome Price!!(PS3版),COLLECTION,JP,,http://zeus.dl.playstation.net/cdn/JP0700/NPJB00796_00/JP0700-NPJB00796_00-PS3TOBTHM0000006_bg_1_206977bd94cfec49848acaf03b1531604fe734e8.pkg,JP0700-NPJB00796_00-PS3TOBTHM0000006,PS3,PSN,THEME
NPJB00796,テイルズ オブ ベルセリア Welcome Price!!(PS3版),COLLECTION,JP,,http://zeus.dl.playstation.net/cdn/JP0700/NPJB00796_00/JP0700-NPJB00796_00-PS3TOBTHM0000007_bg_1_5ed934599080100a27e3733f7fb88c6cb84128f3.pkg,JP0700-NPJB00796_00-PS3TOBTHM0000007,PS3,PSN,THEME
NPJB00804,Nobunaga's Ambition: Sphere of Influence: Ascension,COLLECTION,JP,,http://zeus.dl.playstation.net/cdn/JP0106/NPJB00804_00/JP0106-NPJB00804_00-THEME00000000000_bg_1_1fef2aaef9db7d41ccfa8d15dd5986affcef8cab.pkg,JP0106-NPJB00804_00-THEME00000000000,PS3,PSN,THEME
NPJB60142,メルルのアトリエPlus～アーランドの錬金術士3～OfficialPlayView,COLLECTION,JP,,http://zeus.dl.playstation.net/cdn/JP0103/NPJB60142_00/QyZRFIDOYPJuysFkAeFoYFMFVztWgxkhmhylomwQNgLlsgclWrIrCFEfYCdDuUiDpkiOrCWSTXqAanalnDzmoMsKgSAFKaITgeGFm.pkg,JP0103-NPJB60142_00-A13VCUSTOMTHEME3,PS3,PSN,THEME
NPJB60157,エスカ＆ロジーのアトリエ～黄昏の空の錬金術士～黄昏の世界の記録Vol.2,COLLECTION,JP,,http://zeus.dl.playstation.net/cdn/JP0103/NPJB60157_00/BTrIicwLRHWbZWtPnAKnIQMmlLyHnuBHqwplmzUcuqbapMEMcBcwbadsJduLtKZHhpoAkfrbSyQgqBKZFekbYXSbOslWPyowzxdFU.pkg,JP0103-NPJB60157_00-A15CUSTOMTHEME01,PS3,PSN,THEME
NPJB90871,FIFA 17,COLLECTION,JP,,http://zeus.dl.playstation.net/cdn/JP0006/NPJB90871_00/JP0006-NPJB90871_00-FIFA17DEMOTHEME1_bg_1_f91ff597b650603760e0c4d617f578b726bf6a92.pkg,JP0006-NPJB90871_00-FIFA17DEMOTHEME1,PS3,PSN,THEME
NPUB30077,Battlefield 1943,COLLECTION,US,,http://zeus.dl.playstation.net/cdn/UP0006/NPUB30077_00/Qfq2HqT38HRSAKhGT6qgPpUljWfh4n1bbDFKH8a7pOgmuS3iUAaqvvQ3EK22ovwDGvCYX4ET8t9UVxNoeH3MnVBCv5Lc6Jh8uriWp.pkg,UP0006-NPUB30077_00-BF1943UTHEME0000,PS3,PSN,THEME
NPUB30127,Sonic The Hedgehog 4: Episode I,COLLECTION,US,,http://zeus.dl.playstation.net/cdn/UP0177/NPUB30127_00/ojhRveNxWtRIAuetPPtHQzwfZycXwpPAsUTAtawjMbtBtGfcnkwGIUyaegCyILPADZgwHZycAEEZiUNIOcHEyVCOaJtWuzqlBtLxs.pkg,UP0177-NPUB30127_00-SONICDYNAMICTHEM,PS3,PSN,THEME
NPUB30230,Worms 2: Armageddon,COLLECTION,US,,http://zeus.dl.playstation.net/cdn/UP4064/NPUB30230_00/SMOdKRQDLxBKNYbyMWhPwilEOuspgKQcMSRqwDxwaOBaIrsKZZTHSrRCTcoTomqAMYEcjpqvZSdURnroopFPNFysTQzMUOYBeGsay.pkg,UP4064-NPUB30230_00-TWORMS2ARM000002,PS3,PSN,THEME
NPUB30311,Tales from Space: About a Blob,COLLECTION,US,,http://zeus.dl.playstation.net/cdn/UP2045/NPUB30311_00/SEtwupkjRtZAOzqwbWpEmhgVQWYHBJagWnlSoBCbuzLecGtxKdQXrgdYDSzWghUwbAGJxSYdvrxRMLVSSptHBxlEnaLsQUPtFSTwY.pkg,UP2045-NPUB30311_00-ABOUTABLOBPLUSTH,PS3,PSN,THEME
NPUB30377,BloodRayne: Betrayal,COLLECTION,US,,http://zeus.dl.playstation.net/cdn/UP1012/NPUB30377_00/fFnncMsclpneDjoXJotSApLKIbgOBmIkWKgyqDGFBnSQmnwZlGwpQiJBibzKIXRCzgrXPfSDgYHSoSwDCHTXQYBpoKqqUDhronedo.pkg,,PS3,PSN,THEME
NPUB30404,Fast Draw Showdown,COLLECTION,US,,http://zeus.dl.playstation.net/cdn/UP2043/NPUB30404_00/SuznenJRDwDxsglPdnQChZHOewPdsjgOrjzAGokeeWepItnaQuQiefPdWRrQMJVrhntWPCwJVckYYCiacdaotamuBtFytztUXEMuC.pkg,UP2043-NPUB30404_00-FASTDRAW00000003,PS3,PSN,THEME
NPUB30429,NEOGEO Station - Theme,COLLECTION,US,,http://zeus.dl.playstation.net/cdn/UP0576/NPUB30429_00/lTfMnrlHZAzNaJWlNMWMPYoXxcPeZQLqJtlOFQkBWjZZSQdVToEXPcPqKrraQdCTqiLfzlqqEWzejBSztaGfHXppqnqzZkEJyKrRg.pkg,UP0576-NPUB30429_00-NEOGEOSTATIONCT1,PS3,PSN,THEME
NPUB30493,Daytona USA,COLLECTION,US,,http://zeus.dl.playstation.net/cdn/UP0177/NPUB30493_00/ATJTvlmGcHGwuWIpFoxmnVjyniZKCAbGaXLSvhSkAkcUsbtjrmuEPQWNXPeJWcMUCxBYcrCywuSLquJiJPWElkscgBeufvcGdbWZR.pkg,UP0177-NPUB30493_00-DAYTONAUSATHEME2,PS3,PSN,THEME
NPUB30579,Sonic Adventure 2,COLLECTION,US,,http://zeus.dl.playstation.net/cdn/UP0177/NPUB30579_00/QDIzTvRKfJgMdweUyeiCdtoQXMQakDBqYEpiABgvAfIcjCLGUovJhYorZWkSvleh.pkg,UP0177-NPUB30579_00-SA2THEME00000001,PS3,PSN,THEME
NPUB30580,The House of the Dead III,COLLECTION,US,,http://zeus.dl.playstation.net/cdn/UP0177/NPUB30580_00/qTnrvcSnVhHxcoOdMvQMxdQFuTAIwoaAGnGztLjsxhMiGsXbOiHxnaOzINUuaOYhufIFvCfgiZzsKAfuXJhKVzEGuECYiDiTRjkIv.pkg,UP0177-NPUB30580_00-HOTD3DYNAMIC0001,PS3,PSN,THEME
NPUB30589,Counter-Strike: Global Offensive,COLLECTION,US,,http://zeus.dl.playstation.net/cdn/UP2061/NPUB30589_00/YSjsTdsPhQDIfdNDuMNxtkLuKlJUIBpKYlyFtQwaIdHdSzxafAVwTeZPapMOUJGBWBPudTsHbKDzHfKEhAnvRBRdSABJuahhkcYPN.pkg,UP2061-NPUB30589_00-CSGOTHEME0000001,PS3,PSN,THEME
NPUB30603,The House of the Dead 4 Game,COLLECTION,US,,http://zeus.dl.playstation.net/cdn/UP0177/NPUB30603_00/OdrYCXNEYWueEbnxyhPFCpUGXcbHCDiGPzCXqRUWSobKjCjnLVHPvRkKzvlWIVCAzwEtFnPDaVoxNwAUbXlgahgbODfCMDtDyhxSi.pkg,UP0177-NPUB30603_00-HOTD4PSPLUSDTHM1,PS3,PSN,THEME
NPUB30617,Tales From Space: Mutant Blobs Attack,COLLECTION,US,,http://zeus.dl.playstation.net/cdn/UP2045/NPUB30617_00/hfFYwxYerUqALjmTaXTshaswppYmjCsUvMOUVuGnhypBEUHQJuCjQIXyjzDbEfgG.pkg,UP2045-NPUB30617_00-BLOBSTHEMEGRAPHC,PS3,PSN,THEME
NPUB30617,Tales From Space: Mutant Blobs Attack,COLLECTION,US,,http://zeus.dl.playstation.net/cdn/UP2045/NPUB30617_00/QjjFMxpeybxCqwESDJZdZAeIWkVjrVHjWXomWaqgFAXNCUeLWkDoFomnRhUujiis.pkg,UP2045-NPUB30617_00-BLOBSTHEMEGROWIN,PS3,PSN,THEME
NPUB30625,Virtua Fighter 5: Final Showdown,COLLECTION,US,,http://zeus.dl.playstation.net/cdn/UP0177/NPUB30625_00/bpZOXZSjscMuHZOOEOJjPzgXzmYRGyCSEHnyGqiFsIMEJHEGaEJFhnjIaBAPeAiOyXZUounfnCvaZrlRokxdChnxMliOsEOATexeM.pkg,UP0177-NPUB30625_00-VF5FSDYNAMIC0001,PS3,PSN,THEME
NPUB30741,The Walking Dead - Episode 1: A New Day,COLLECTION,US,,http://zeus.dl.playstation.net/cdn/UP2026/NPUB30741_00/ldCtyGswOozKMTaQCbIBXICIazzpHfNwuoyaOBCFmxCmaSJPrIoILWqJxwzoysqmRDoPyXYxndlyRlRndCxazJLRAHKTCAfMmJloH.pkg,UP2026-NPUB30741_00-WD100000000THEME,PS3,PSN,THEME
NPUB30750,HELL YEAH! Wrath of the Dead Rabbit,COLLECTION,US,,http://zeus.dl.playstation.net/cdn/UP0177/NPUB30750_00/YpACUlsEYnepjoGAkzkemqnnkfQusSNBvVFPBYVyvqSwsDfPlOHWJsCclGYShhSx.pkg,UP0177-NPUB30750_00-HELLYEAHDYNAMIC1,PS3,PSN,THEME
NPUB30764,Double Dragon: Neon,COLLECTION,US,,http://zeus.dl.playstation.net/cdn/UP1012/NPUB30764_00/pxaPWgGAekHxMnPPmVpkDFxeGCqYDwufYwaFMZumjTEgWYFugYHWafuhuITClVpC.pkg,UP1012-NPUB30764_00-DDNDYNAMICTHEME1,PS3,PSN,THEME
NPUB30798,NiGHTS into Dreams...,COLLECTION,US,,http://zeus.dl.playstation.net/cdn/UP0177/NPUB30798_00/sbknXdwyBPlWqeYyyoKkXmGLGDuoQrhNSGLqHkPKMdNHUiJiOFXuIZTKJanuuaQK.pkg,UP0177-NPUB30798_00-NIGHTSTHEME00001,PS3,PSN,THEME
NPUB30829,Jet Set Radio,COLLECTION,US,,http://zeus.dl.playstation.net/cdn/UP0177/NPUB30829_00/JdIXSBkWOupEiVhTTiHnHewjybXaVMMSRKMlSZsqevkXiIQAQhJCUIVVaApfpPFv.pkg,UP0177-NPUB30829_00-JSRDYNAMICTHEME1,PS3,PSN,THEME
NPUB30958,ibb & obb,COLLECTION,US,,http://zeus.dl.playstation.net/cdn/UP4371/NPUB30958_00/FOwyBtrApQVdwIwvJBzzaDAUUrgVlgJQZRCRiGaEQVhxqnGJjhaAYUkeXiPyMdeK.pkg,UP4371-NPUB30958_00-THEMEPS3UX000057,PS3,PSN,THEME
NPUB30991,Resident Evil: Revelations,COLLECTION,US,,http://zeus.dl.playstation.net/cdn/UP0102/NPUB30991_00/gdoioocbTIteQqIroRFXjCoJtPYnKRcvtohYtmukbYhmRZXfbFrdpyrXMHSuraGm.pkg,UP0102-NPUB30991_00-REREVTHEME000001,PS3,PSN,THEME
NPUB31075,Grid 2,COLLECTION,US,,http://zeus.dl.playstation.net/cdn/UP4001/NPUB31075_00/hTEKDOcBzFSwLclLiYSpbddUhtzzdjMfAgGyHiaLvtEKWOigHARMidmfgwemOuln.pkg,UP4001-NPUB31075_00-GRID2PS3THEME001,PS3,PSN,THEME
NPUB31080,Remember Me™,COLLECTION,US,,http://zeus.dl.playstation.net/cdn/UP0102/NPUB31080_00/cwQsrYGzSLnWxCBPBNnsksfqATxrLVNIUoDXIsFdNTVBEzsbZFMmHZBIqLljcSqR.pkg,UP0102-NPUB31080_00-REMETHEME0000001,PS3,PSN,THEME
NPUB31099,Castle of Illusion Starring Mickey Mouse,COLLECTION,US,,http://zeus.dl.playstation.net/cdn/UP0177/NPUB31099_00/yYhaEPMaqiNDiBAWQGGvvRSgBuzWbdqPSZAKPThpgBGNhDBZwIAqEoMkqRdCUCaY.pkg,UP0177-NPUB31099_00-THEMEPS3UX000054,PS3,PSN,THEME
NPUB31099,Castle of Illusion Starring Mickey Mouse,COLLECTION,US,,http://zeus.dl.playstation.net/cdn/UP0177/NPUB31099_00/XOVjLFejPvWWDHUVbnGUwpaqPqUWNuupgUEIhiSYkFdvcxxKELCZNrAbSeALoptr.pkg,UP0177-NPUB31099_00-THEMEPS3UX000055,PS3,PSN,THEME
NPUB31126,DuckTales: Remastered,COLLECTION,US,,http://zeus.dl.playstation.net/cdn/UP0102/NPUB31126_00/CbyfYauSRZXCuZafCYNrYeUFRpiFUmoonUjJzPlqbmAwmRyDQjfUsbQZcxaUgrcO.pkg,UP0102-NPUB31126_00-THEMEPS3UX000056,PS3,PSN,THEME
NPUB31154,Grand Theft Auto V,COLLECTION,US,,http://zeus.dl.playstation.net/cdn/UP1004/NPUB31154_00/jEnFxzeDTLsiHSXUXQoouXvIMyMaFfhgxtAsINAVSBNFCZjsywwNtTwXcLRPtYSr.pkg,UP1004-NPUB31154_00-GTAVDIGITALTHEME,PS3,PSN,THEME
NPUB31177,Cloudberry Kingdom,COLLECTION,US,,http://zeus.dl.playstation.net/cdn/UP0001/NPUB31177_00/CtJksaLiKXLhBaMfOvJWScmJztKhZckPWmmNeRSYCqLyuRmZORhOxacYunpEshIL.pkg,UP0001-NPUB31177_00-THEMEPS3UX000059,PS3,PSN,THEME
NPUB31193,Tales of Symphonia™,COLLECTION,US,,http://zeus.dl.playstation.net/cdn/UP0700/NPUB31193_00/GiekeSJsQykkmzqrZZbMpIYJWLGNTjWFvAwYWqLVjrawlJDtUfvNQUFhYWYKdkBa.pkg,UP0700-NPUB31193_00-TOSTHEME00000001,PS3,PSN,THEME
NPUB31202,Destiny: The Taken King - Legendary Edition,COLLECTION,US,,http://zeus.dl.playstation.net/cdn/UP0002/NPUB31202_00/UP0002-NPUB31202_00-DESTINYEP02THEME_bg_1_32c619d6af3cc35db85efde07c5da6768420f8ee.pkg,UP0002-NPUB31202_00-DESTINYEP02THEME,PS3,PSN,THEME
NPUB31202,Destiny: The Taken King - Legendary Edition,COLLECTION,US,,http://zeus.dl.playstation.net/cdn/UP0002/NPUB31202_00/TblVFmENJeolnLVIXujuuqWiIQNDGzbPlCVGJjEiIEWosEPRAsARcpihzYlEsiKM.pkg,UP0002-NPUB31202_00-DESTINYTHEME0001,PS3,PSN,THEME
NPUB31210,Poker Night 2,COLLECTION,US,,http://zeus.dl.playstation.net/cdn/UP2026/NPUB31210_00/QEcUwOCcYQMIgvpFyQxrhGZVpLVBbTFFLaJbCsVmqocOCptiTBILOnTrxlilOqFg.pkg,UP2026-NPUB31210_00-THEMEPS3UX000029,PS3,PSN,THEME
NPUB31217,TMNT - Out of the Shadows,COLLECTION,US,,http://zeus.dl.playstation.net/cdn/UP0002/NPUB31217_00/YsbrdGMImwrEszbYSwvPCipgoKQZIPqoIwpfjfJrfumfkoBIuXpnfiQdBKaAjGPJ.pkg,UP0002-NPUB31217_00-TMNTOOTSTHEMEHER,PS3,PSN,THEME
NPUB31236,LEGO Marvel Super Heroes,COLLECTION,US,,http://zeus.dl.playstation.net/cdn/UP1018/NPUB31236_00/HANoBLFIFehapvMIvIdoqgyLHWTaVmUHwDzaIVpIoukUnsctOnWJBrkJZPalhvAa.pkg,UP1018-NPUB31236_00-LEGOMARVELSUPERH,PS3,PSN,THEME
NPUB31244,Assassin's Creed: Liberation HD,COLLECTION,US,,http://zeus.dl.playstation.net/cdn/UP0001/NPUB31244_00/OXCgQhpXQNvDYmTzBJUtsLqIMfKGBHboAUnvXUBuEBCqfwVaQDrLAcUHgoWBYPHu.pkg,UP0001-NPUB31244_00-THEMEPS3UX000083,PS3,PSN,THEME
NPUB31251,Drakengard 3,COLLECTION,US,,http://zeus.dl.playstation.net/cdn/UP0082/NPUB31251_00/wPsHvrhDDvrAlqTcbBboNguxzzWIerISEFmFeBGhjmeNvVoCklFxNNiWDOTDPQtH.pkg,UP0082-NPUB31251_00-D3THEME000000000,PS3,PSN,THEME
NPUB31251,Drakengard 3,COLLECTION,US,,http://zeus.dl.playstation.net/cdn/UP0082/NPUB31251_00/kCVHsIZgoaDTqiFiOBshATIArajDVdccTwtwCgmywhjHyCmGtWMhUqMpwUMLTIse.pkg,UP0082-NPUB31251_00-D3THEME010000000,PS3,PSN,THEME
NPUB31251,Drakengard 3,COLLECTION,US,,http://zeus.dl.playstation.net/cdn/UP0082/NPUB31251_00/cEYVSINbyEeuhOuLqjIstwMfIIUgtJqFoUmpklLBgyGtrJbcrsncbtqMlWdJAeXJ.pkg,UP0082-NPUB31251_00-D3THEME020000000,PS3,PSN,THEME
NPUB31251,Drakengard 3,COLLECTION,US,,http://zeus.dl.playstation.net/cdn/UP0082/NPUB31251_00/VIgTgXLkVUXCTMfikabdXpDMeISZxPwIwDirbeVpGtUlPeKcCuZlnJhOYKDHgttO.pkg,UP0082-NPUB31251_00-D3THEME02A000000,PS3,PSN,THEME
NPUB31251,Drakengard 3,COLLECTION,US,,http://zeus.dl.playstation.net/cdn/UP0082/NPUB31251_00/QooVcUkxVOcZJYstslvwVHMqLyzcLcmNSQbSLikWIOxHcKeCUeyJQHQCfnEIEXNK.pkg,UP0082-NPUB31251_00-D3THEME030000000,PS3,PSN,THEME
NPUB31251,Drakengard 3,COLLECTION,US,,http://zeus.dl.playstation.net/cdn/UP0082/NPUB31251_00/xCkkxQrsQpiGVkFrXdYaBBgVLqhBBMPoRuCcKbOOOxPdubosHTFmFwJFlJIhJNfa.pkg,UP0082-NPUB31251_00-D3THEME03A000000,PS3,PSN,THEME
NPUB31251,Drakengard 3,COLLECTION,US,,http://zeus.dl.playstation.net/cdn/UP0082/NPUB31251_00/UkoZAsMmxRlxZrLgAxOmtXvqcRDLQVHizjpFAYGZVMdMGsnmAqkthvaTtUydqIEI.pkg,UP0082-NPUB31251_00-D3THEME040000000,PS3,PSN,THEME
NPUB31251,Drakengard 3,COLLECTION,US,,http://zeus.dl.playstation.net/cdn/UP0082/NPUB31251_00/maDwrgWhmEQrhCcAXTgSjZxDZJodyqsrzBCotrZQrPTmSDKplIBjoDhEcLpOiTNO.pkg,UP0082-NPUB31251_00-D3THEME04A000000,PS3,PSN,THEME
NPUB31251,Drakengard 3,COLLECTION,US,,http://zeus.dl.playstation.net/cdn/UP0082/NPUB31251_00/nUnXWjtFLJDqEOKPfDaGJIAKTziQRzOmwcJjpXmWqWruSnpBxdENWOaFujSeNalS.pkg,UP0082-NPUB31251_00-D3THEME050000000,PS3,PSN,THEME
NPUB31251,Drakengard 3,COLLECTION,US,,http://zeus.dl.playstation.net/cdn/UP0082/NPUB31251_00/StofBoghsfIufcPZXKTZRtiPInUdeygIVsoXMplwqyKLkatVMyIjcqqzunIqkMJR.pkg,UP0082-NPUB31251_00-D3THEME05A000000,PS3,PSN,THEME
NPUB31251,Drakengard 3,COLLECTION,US,,http://zeus.dl.playstation.net/cdn/UP0082/NPUB31251_00/QAdyFVbKlbMiiHFUKNENXZqTrISgfqHNeZtMcSXMnlmosUPaxEltslyUqrFyzFSv.pkg,UP0082-NPUB31251_00-D3THEMEM00000000,PS3,PSN,THEME
NPUB31251,Drakengard 3,COLLECTION,US,,http://zeus.dl.playstation.net/cdn/UP0082/NPUB31251_00/cazSgoAOeQKatgwerZWFgEJIrbbUPfUBFYFKqolwpcHaPpUUTNxrUWkMIyKAvQqc.pkg,UP0082-NPUB31251_00-D3THEMEZ00000000,PS3,PSN,THEME
NPUB31255,Final Fantasy XIV Online,COLLECTION,US,,http://zeus.dl.playstation.net/cdn/UP0082/NPUB31255_00/UP0082-NPUB31255_00-FFXIVEX1THEME002_bg_1_7366a35365edf425b63d2688cb66e895503e89ad.pkg,UP0082-NPUB31255_00-FFXIVEX1THEME002,PS3,PSN,THEME
NPUB31260,Stealth Inc: A Clone in the Dark,COLLECTION,US,,http://zeus.dl.playstation.net/cdn/UP4395/NPUB31260_00/aDpHjxqUOYBTsOoCGqRcCOaCXigLOxYWAULLFsndcFPwwPjZuOQwwCgyHMwSPduI.pkg,UP4395-NPUB31260_00-THEMEPS3UX000058,PS3,PSN,THEME
NPUB31261,Batman: Arkham Origins,COLLECTION,US,,http://zeus.dl.playstation.net/cdn/UP1018/NPUB31261_00/lPWAoMofuwuqIOkvpcqzaZuUuGNqhUZvcmXFdZWIJCsbAartykRpZycqbqvSgiRq.pkg,UP1018-NPUB31261_00-BATMANAOTHEME000,PS3,PSN,THEME
NPUB31497,The Treasures of Montezuma 4,COLLECTION,US,,http://zeus.dl.playstation.net/cdn/UP4235/NPUB31497_00/UP4235-NPUB31497_00-THEMEPS3UX000135_bg_1_79fbe768e56f9bf04f4531522dd6d3a20278123e.pkg,,PS3,PSN,THEME
NPUB31531,DYNASTY WARRIORS: Gundam Reborn,COLLECTION,US,,http://zeus.dl.playstation.net/cdn/UP0700/NPUB31531_00/vOEYxlVpxuwHkEIEBVbSrmVIQCoKhWikrZtzKeWddQjRjSXpnukheapVDkAkYaMv.pkg,UP0700-NPUB31531_00-DWARGUNDAMREBORN,PS3,PSN,THEME
NPUB31551,BGCP3TVIN HD,COLLECTION,US,,http://zeus.dl.playstation.net/cdn/US0045/NPUB31551_00/US0045-NPUB31551_00-AIDNEPAL30000100_bg_1_0d523108774ec87ecf01f78dd9fe90033d879169.pkg,,PS3,PSN,THEME
NPUB31551,BGCP3TVIN HD,COLLECTION,US,,http://zeus.dl.playstation.net/cdn/US0045/NPUB31551_00/US0045-NPUB31551_00-0000000000000000_bg_1_b913441367c8b0e61159febab270c248c5f332ee.pkg,US0045-NPUB31551_00-0000000000000000,PS3,PSN,THEME
NPUB31551,BGCP3TVIN HD,COLLECTION,US,,http://zeus.dl.playstation.net/cdn/US0045/NPUB31551_00/US0045-NPUB31551_00-ROBOTCHICKEN0008_bg_1_5cb48e5619feeb94582e2b018d8c55030cb3246b.pkg,US0045-NPUB31551_00-ROBOTCHICKEN0008,PS3,PSN,THEME
NPUB31551,BGCP3TVIN HD,COLLECTION,US,,http://zeus.dl.playstation.net/cdn/US0045/NPUB31551_00/US0045-NPUB31551_00-THEMEPS3UX000118_bg_1_208beb130f3bc5bc7b33d11949a1c6614f45ef70.pkg,US0045-NPUB31551_00-THEMEPS3UX000118,PS3,PSN,THEME
NPUB31551,BGCP3TVIN HD,COLLECTION,US,,http://zeus.dl.playstation.net/cdn/US0045/NPUB31551_00/US0045-NPUB31551_00-THEMEPS3UX000138_bg_1_a45b419d66a30f3956b3e87b1f55b5c9d1773a54.pkg,US0045-NPUB31551_00-THEMEPS3UX000138,PS3,PSN,THEME
NPUB31552,Resident Evil,COLLECTION,US,,http://zeus.dl.playstation.net/cdn/UP0102/NPUB31552_00/GEubSqhUhUpbXtSsKQJKmJjRsRGBfSaavQtaJEtUVDjGlYcEHyILfVSsXsbDGDia.pkg,UP0102-NPUB31552_00-REHDTHEME0000000,PS3,PSN,THEME
NPUB31619,Dragon Ball: Xenoverse,COLLECTION,US,,http://zeus.dl.playstation.net/cdn/UP0700/NPUB31619_00/UP0700-NPUB31619_00-DBXVTHEME0000007_bg_1_b9b81eac93a7cdb793aca9da4e0a4902f5d4c682.pkg,UP0700-NPUB31619_00-DBXVTHEME0000007,PS3,PSN,THEME
NPUB31658,Yakuza 5,COLLECTION,US,,http://zeus.dl.playstation.net/cdn/UP0177/NPUB31658_00/UP0177-NPUB31658_00-THEMEPS3UX000120_bg_1_2c573590e678283cd5ed7f1ef46d803622c3c38f.pkg,UP0177-NPUB31658_00-THEMEPS3UX000120,PS3,PSN,THEME
NPUB31681,Teenage Mutant Ninja Turtles: Mutants in Manhattan,COLLECTION,US,,http://zeus.dl.playstation.net/cdn/UP0002/NPUB31681_00/UP0002-NPUB31681_00-TMNTMIMPREORDTHM_bg_1_334d82c425545cab599037916ef71bfa5f720c48.pkg,,PS3,PSN,THEME
NPUB31733,Mighty No. 9,COLLECTION,US,,http://zeus.dl.playstation.net/cdn/UP2047/NPUB31733_00/UP2047-NPUB31733_00-THEMEPS3UX000140_bg_1_36a3480606864abfe52bae4435249e81110b7f9a.pkg,,PS3,PSN,THEME
NPUB31743,WWE 2K16,COLLECTION,US,,http://zeus.dl.playstation.net/cdn/UP1001/NPUB31743_00/UP1001-NPUB31743_00-THEMEPS3UX000132_bg_1_d9e4c07ee28a2913a99c162d2b0ee24f7aef3de9.pkg,,PS3,PSN,THEME
NPUB31837,PES 2017: Pro Evolution Soccer,COLLECTION,US,,http://zeus.dl.playstation.net/cdn/UP0101/NPUB31837_00/UP0101-NPUB31837_00-THEMEPS3UX000160_bg_1_67fcfbf5e69db7ee02bf1549fb16f6ec554da607.pkg,,PS3,PSN,THEME
NPUB31844,POWERS Season 2 – Dynamic Theme,COLLECTION,US,,http://zeus.dl.playstation.net/cdn/UP9000/NPUB31844_00/UP9000-NPUB31844_00-THEMEPS3UX000153_bg_1_5a842fd4287ea9c343073318254ac633985cfdae.pkg,UP9000-NPUB31844_00-THEMEPS3UX000153,PS3,PSN,THEME
NPUB90178,Mega Man 9 Theme 4,COLLECTION,US,,http://zeus.dl.playstation.net/cdn/UP0102/NPUB90178_00/8mLar8vrws5kFNbGOOLT4MY76s0mcmEHkDfG80vXPVB81sI5FuS2qunlUvvaWhA9AIutpBhaESMgBY4EVa8pIHmTvDieCyNiIl173.pkg,UP0102-NPUB90178_00-00MEGAMAN9THEME3,PS3,PSN,THEME
NPUB90326,Afrika Dynamic Theme,COLLECTION,US,,http://zeus.dl.playstation.net/cdn/UP1014/NPUB90326_00/ERbo5XSLowY8p3kart9CplyLwxqP3MktwsO81OSEauQNl2lgB40yFrsuu0D1QNYoE8TOi1KhPY4Iwxfiij3QJGGHVYSi9GAmEJuJu.pkg,UP1014-NPUB90326_00-AFRIKATHEMEZEBRA,PS3,PSN,THEME
NPUB90393,Wakeboarding HD Dynamic Theme,COLLECTION,US,,http://zeus.dl.playstation.net/cdn/UP2004/NPUB90393_00/gHCyaSaouW2lfqwwIE8lMhBGggVGJiiQAR8B4NgdQi6HDivB7EhNRFNGilKvC8wfr4KcRV3xum43u3Ys6VUjd2Ckj605y8Hvx5hB6.pkg,UP2004-NPUB90393_00-WAKEBOARDTHEME00,PS3,PSN,THEME
NPUB90430,Call of Duty: Black Ops,COLLECTION,US,,http://zeus.dl.playstation.net/cdn/UP0002/NPUB90430_00/jpaUVaXlShJGjnKiYflmsIGxPEJInMjugiEkdOozdBtkdbkshOJqSojKuExxbWYuOZliVeuaMwhfJPNfNXdlAaqkkkxJDuEjZLKDd.pkg,UP0002-NPUB90430_00-MOONTHEME0000001,PS3,PSN,THEME
NPUB90430,Call of Duty: Black Ops,COLLECTION,US,,http://zeus.dl.playstation.net/cdn/UP0002/NPUB90430_00/XMqHMrcLMMeqplXzmFcVUOxKWyJKQnKNRXdIHlisYXHRkVXQtqDmqqVeKsODBFGshVqOCMGfvLXjPwOABMjfhgjZDkUqjIGkeBZuR.pkg,UP0002-NPUB90430_00-WORLDTOURTHEME01,PS3,PSN,THEME
NPUB90430,Call of Duty: Black Ops,COLLECTION,US,,http://zeus.dl.playstation.net/cdn/UP0002/NPUB90430_00/DUPQLDUeNFVsNVQTlSpGhZZrFpwoZNKcQFNFABPxSFPmXBviCVhrfyFBvxGZOjvYLPgXHjFjmfetqNvpNjMhlfXhLBdGIkZaCscPo.pkg,UP0002-NPUB90430_00-ZOMBIESTHEME0000,PS3,PSN,THEME
NPUB90466,Assassin's Creed Brotherhood Official Dynamic Theme,COLLECTION,US,,http://zeus.dl.playstation.net/cdn/UP0001/NPUB90466_00/AaszrfSrSwiIpEnxPpTdOweIJbFEiJEGsRibNSFbTCbfvaJXJWRFrigHYqpsewURlmKQWqIrDiGxLQvWjFDjzdCDuZmILOzKGpIfn.pkg,UP0001-NPUB90466_00-ACBTHEME00000001,PS3,PSN,THEME
NPUB90537,TRON: Evolution Dynamic Theme,COLLECTION,US,,http://zeus.dl.playstation.net/cdn/UP1082/NPUB90537_00/yyLwqUUXEnLzCZGfPcpFTGahdQRMveWCeYaCkrozSARwxUbfbdePNHBOzdRVqGlLwJnnRoTAsgCzrhjDavDSYWVuVjPKbwTbQgFLt.pkg,UP1082-NPUB90537_00-TRONEVOLDYNTHEME,PS3,PSN,THEME